<?xml version = '1.0' encoding = 'UTF-8'?>
<FKIndexAssociation class="oracle.dbtools.crest.model.design.relational.FKIndexAssociation" directorySegmentName="seg_0" id="398955A1-4153-74DD-7219-B714BC76D0CB" containerWithKeyObject="DEA85602-02C9-8FB9-8ED1-CCC26AD90D68" localFKIndex="79B79278-16E5-5749-ED23-A22D3C585F53" name="Grupa_zajęciowa_Instruktor_FK">
<createdBy>Admin</createdBy>
<createdTime>2023-12-20 20:03:10 UTC</createdTime>
<generatorID>08E464AE-6E5F-D297-E719-7B6D8C48689B</generatorID>
<ownerDesignName>projekt1</ownerDesignName>
<referredTableLongName>Instruktor</referredTableLongName>
<deleteRule>NO ACTION</deleteRule>
<referredTableID>6DE98E70-192A-1961-D26E-158C3CDBB1C4</referredTableID>
<keyObject>04A955D8-4165-398F-55B4-F6D9383778E8</keyObject>
<referredKeyID>04A955D8-4165-398F-55B4-F6D9383778E8</referredKeyID>
<mandatory>false</mandatory>
<refColNames>ID_Instruktora</refColNames>
<transferable>true</transferable>
<rely>false</rely>
<columnDependencyConstraintGenerateInDDL>true</columnDependencyConstraintGenerateInDDL>
</FKIndexAssociation>