<?xml version = '1.0' encoding = 'UTF-8'?>
<FKIndexAssociation class="oracle.dbtools.crest.model.design.relational.FKIndexAssociation" directorySegmentName="seg_0" id="6D2BF9EA-C386-2BA5-26B9-F5A368310D77" containerWithKeyObject="C4722265-4582-9C51-4562-635160CC454D" localFKIndex="B963EA4E-9C27-B56A-A90B-FC8D2EE52F90" name="Zamówienia_Karnet_FK">
<createdBy>Admin</createdBy>
<createdTime>2023-12-20 20:03:10 UTC</createdTime>
<generatorID>0C3C6652-BF89-285A-2FCD-A10FB45401BA</generatorID>
<ownerDesignName>projekt1</ownerDesignName>
<referredTableLongName>Karnet</referredTableLongName>
<deleteRule>NO ACTION</deleteRule>
<referredTableID>AE3F84D4-40D6-AAEB-B1A2-9E3CD46F9708</referredTableID>
<keyObject>81C317B9-BE81-607F-B855-E5CEEF27EA47</keyObject>
<referredKeyID>81C317B9-BE81-607F-B855-E5CEEF27EA47</referredKeyID>
<mandatory>false</mandatory>
<refColNames>ID_Karnetu</refColNames>
<transferable>true</transferable>
<rely>false</rely>
<columnDependencyConstraintGenerateInDDL>true</columnDependencyConstraintGenerateInDDL>
</FKIndexAssociation>