<?xml version = '1.0' encoding = 'UTF-8'?>
<FKIndexAssociation class="oracle.dbtools.crest.model.design.relational.FKIndexAssociation" directorySegmentName="seg_0" id="75E26CFD-B1AA-79BA-F915-B7DED0907B76" containerWithKeyObject="67C180EA-9741-9A44-5C38-E820403A8DA7" localFKIndex="B11ACCE0-1DC5-4BAA-8713-70297151D63C" name="Klient_Karnet_FK">
<createdBy>Admin</createdBy>
<createdTime>2023-12-20 20:03:10 UTC</createdTime>
<generatorID>E4FF232E-BB5B-FD5B-0E88-CE6B581F2945</generatorID>
<ownerDesignName>projekt1</ownerDesignName>
<referredTableLongName>Karnet</referredTableLongName>
<deleteRule>NO ACTION</deleteRule>
<referredTableID>AE3F84D4-40D6-AAEB-B1A2-9E3CD46F9708</referredTableID>
<keyObject>81C317B9-BE81-607F-B855-E5CEEF27EA47</keyObject>
<referredKeyID>81C317B9-BE81-607F-B855-E5CEEF27EA47</referredKeyID>
<mandatory>false</mandatory>
<refColNames>ID_Karnetu</refColNames>
<transferable>true</transferable>
<rely>false</rely>
<columnDependencyConstraintGenerateInDDL>true</columnDependencyConstraintGenerateInDDL>
</FKIndexAssociation>