<?xml version = '1.0' encoding = 'UTF-8'?>
<FKIndexAssociation class="oracle.dbtools.crest.model.design.relational.FKIndexAssociation" directorySegmentName="seg_0" id="8328DC00-C1A4-5951-60DB-A516BC719BAA" containerWithKeyObject="AF750B6F-67D7-EF19-B289-76A504206FB8" localFKIndex="F3D7E6D5-93BE-1A66-A0B5-1C50BADA7A88" name="Certyfikat_Specjalizacja_FK">
<createdBy>Admin</createdBy>
<createdTime>2023-12-20 20:03:10 UTC</createdTime>
<generatorID>26890195-1B70-ED72-B643-31611B8E0F81</generatorID>
<ownerDesignName>projekt1</ownerDesignName>
<referredTableLongName>Specjalizacja</referredTableLongName>
<deleteRule>NO ACTION</deleteRule>
<referredTableID>067D1C6D-8A0F-D259-856B-979FE16CA29A</referredTableID>
<referredKeyID>CD92539F-E5A7-A333-1E90-A54C831F62DA</referredKeyID>
<mandatory>true</mandatory>
<refColNames>ID_Specjalizacji</refColNames>
<transferable>true</transferable>
<rely>false</rely>
<columnDependencyConstraintGenerateInDDL>true</columnDependencyConstraintGenerateInDDL>
</FKIndexAssociation>