<?xml version = '1.0' encoding = 'UTF-8'?>
<FKIndexAssociation class="oracle.dbtools.crest.model.design.relational.FKIndexAssociation" directorySegmentName="seg_0" id="840D243F-1480-F408-D7D3-4C78D0335EE1" containerWithKeyObject="7D823684-05A3-D9FE-43B8-D9F6B7E46BFC" localFKIndex="4750DF8A-9E54-5420-697C-76F5BA655730" name="Rezerwacja_Klient_FK">
<createdBy>Admin</createdBy>
<createdTime>2023-12-20 20:03:10 UTC</createdTime>
<generatorID>F47B993C-7818-3E04-0FF0-4D9AF8559B49</generatorID>
<ownerDesignName>projekt1</ownerDesignName>
<referredTableLongName>Klient</referredTableLongName>
<deleteRule>NO ACTION</deleteRule>
<referredTableID>67C180EA-9741-9A44-5C38-E820403A8DA7</referredTableID>
<keyObject>39A53D5B-AA15-D3F7-AA2B-18F4F5799C6A</keyObject>
<referredKeyID>39A53D5B-AA15-D3F7-AA2B-18F4F5799C6A</referredKeyID>
<mandatory>true</mandatory>
<refColNames>ID_Klienta</refColNames>
<transferable>true</transferable>
<rely>false</rely>
<columnDependencyConstraintGenerateInDDL>true</columnDependencyConstraintGenerateInDDL>
</FKIndexAssociation>