<?xml version = '1.0' encoding = 'UTF-8'?>
<FKIndexAssociation class="oracle.dbtools.crest.model.design.relational.FKIndexAssociation" directorySegmentName="seg_0" id="9C02031D-23A2-1C51-F784-73F204C656F5" containerWithKeyObject="6DE98E70-192A-1961-D26E-158C3CDBB1C4" localFKIndex="4EFD36C7-3FF6-49A2-C4E1-DAD0C8F451E2" name="Instruktor_Adres_FK">
<createdBy>Admin</createdBy>
<createdTime>2023-12-20 20:03:10 UTC</createdTime>
<generatorID>65B3111A-6DE6-5F0E-206E-8547FC7B33D6</generatorID>
<ownerDesignName>projekt1</ownerDesignName>
<referredTableLongName>Adres</referredTableLongName>
<deleteRule>NO ACTION</deleteRule>
<referredTableID>23A10BCA-3D3F-A027-D42D-E8C9BC015EDF</referredTableID>
<keyObject>B4955ABA-AC0E-14D7-9343-26A53C4D164E</keyObject>
<referredKeyID>B4955ABA-AC0E-14D7-9343-26A53C4D164E</referredKeyID>
<mandatory>true</mandatory>
<refColNames>ID_Adresu</refColNames>
<transferable>true</transferable>
<rely>false</rely>
<columnDependencyConstraintGenerateInDDL>true</columnDependencyConstraintGenerateInDDL>
</FKIndexAssociation>