<?xml version = '1.0' encoding = 'UTF-8'?>
<FKIndexAssociation class="oracle.dbtools.crest.model.design.relational.FKIndexAssociation" directorySegmentName="seg_0" id="9F0C0F8F-7312-2F88-AD2D-50D116250C28" containerWithKeyObject="7D823684-05A3-D9FE-43B8-D9F6B7E46BFC" localFKIndex="FE34C64A-0273-151E-2229-2A2746471566" name="Rezerwacja_Grupa_zajęciowa_FK">
<createdBy>Admin</createdBy>
<createdTime>2023-12-20 20:03:10 UTC</createdTime>
<generatorID>462CDC82-A7CD-5E9A-B155-402161C07090</generatorID>
<ownerDesignName>projekt1</ownerDesignName>
<referredTableLongName>Grupa_zajęciowa</referredTableLongName>
<deleteRule>NO ACTION</deleteRule>
<referredTableID>DEA85602-02C9-8FB9-8ED1-CCC26AD90D68</referredTableID>
<keyObject>3E052CA4-7CB5-CE04-BC08-D1994D82EB00</keyObject>
<referredKeyID>3E052CA4-7CB5-CE04-BC08-D1994D82EB00</referredKeyID>
<mandatory>true</mandatory>
<refColNames>ID_Grupy</refColNames>
<transferable>true</transferable>
<rely>false</rely>
<columnDependencyConstraintGenerateInDDL>true</columnDependencyConstraintGenerateInDDL>
</FKIndexAssociation>