<?xml version = '1.0' encoding = 'UTF-8'?>
<FKIndexAssociation class="oracle.dbtools.crest.model.design.relational.FKIndexAssociation" directorySegmentName="seg_0" id="A4997B29-44E6-BC37-46A7-37F2D962334F" containerWithKeyObject="DEA85602-02C9-8FB9-8ED1-CCC26AD90D68" localFKIndex="E1798738-0949-3293-F870-2AC1E12B63D8" name="Grupa_zajęciowa_Zajęcia_FK">
<createdBy>Admin</createdBy>
<createdTime>2023-12-20 20:03:10 UTC</createdTime>
<generatorID>690F4F90-A33C-E598-DF88-9CF24B1ED38D</generatorID>
<ownerDesignName>projekt1</ownerDesignName>
<referredTableLongName>Zajęcia</referredTableLongName>
<deleteRule>NO ACTION</deleteRule>
<referredTableID>F8D6AB58-2E73-C94F-4538-78CDE0AB1FAE</referredTableID>
<keyObject>E818367A-5C4E-832A-5AA3-926BDA363453</keyObject>
<referredKeyID>E818367A-5C4E-832A-5AA3-926BDA363453</referredKeyID>
<mandatory>false</mandatory>
<refColNames>ID_Zajęć</refColNames>
<transferable>true</transferable>
<rely>false</rely>
<columnDependencyConstraintGenerateInDDL>true</columnDependencyConstraintGenerateInDDL>
</FKIndexAssociation>