<?xml version = '1.0' encoding = 'UTF-8'?>
<FKIndexAssociation class="oracle.dbtools.crest.model.design.relational.FKIndexAssociation" directorySegmentName="seg_0" id="A841021E-4CE5-683E-5C42-2EBA1BF3BA4C" containerWithKeyObject="67C180EA-9741-9A44-5C38-E820403A8DA7" localFKIndex="F31AC428-CDF8-2C86-F33E-4837C2FAA2B9" name="Klient_Adres_FK">
<createdBy>Admin</createdBy>
<createdTime>2023-12-20 20:03:10 UTC</createdTime>
<generatorID>C4C6CA6D-F15A-AABA-F053-D970C408B2F1</generatorID>
<ownerDesignName>projekt1</ownerDesignName>
<referredTableLongName>Adres</referredTableLongName>
<deleteRule>NO ACTION</deleteRule>
<referredTableID>23A10BCA-3D3F-A027-D42D-E8C9BC015EDF</referredTableID>
<keyObject>B4955ABA-AC0E-14D7-9343-26A53C4D164E</keyObject>
<referredKeyID>B4955ABA-AC0E-14D7-9343-26A53C4D164E</referredKeyID>
<mandatory>true</mandatory>
<refColNames>ID_Adresu</refColNames>
<transferable>true</transferable>
<rely>false</rely>
<columnDependencyConstraintGenerateInDDL>true</columnDependencyConstraintGenerateInDDL>
</FKIndexAssociation>