<?xml version = '1.0' encoding = 'UTF-8'?>
<FKIndexAssociation class="oracle.dbtools.crest.model.design.relational.FKIndexAssociation" directorySegmentName="seg_0" id="A892C78F-9630-0063-AD41-03B842154FC6" containerWithKeyObject="DEA85602-02C9-8FB9-8ED1-CCC26AD90D68" localFKIndex="99A6E9D6-543F-7083-007E-AEE1AA968189" name="Grupa_zajęciowa_Sala_FK">
<createdBy>Admin</createdBy>
<createdTime>2023-12-20 20:23:52 UTC</createdTime>
<generatorID>CEF1502C-A758-1F1F-7223-422C00197F75</generatorID>
<ownerDesignName>projekt1</ownerDesignName>
<referredTableLongName>Sala</referredTableLongName>
<deleteRule>NO ACTION</deleteRule>
<referredTableID>7A88DD11-7DAE-DCEC-C34C-4F16F6A4DCAB</referredTableID>
<keyObject>C207528B-813A-26F3-90B8-18B1E9457F57</keyObject>
<referredKeyID>C207528B-813A-26F3-90B8-18B1E9457F57</referredKeyID>
<mandatory>false</mandatory>
<refColNames>ID_Sali</refColNames>
<transferable>true</transferable>
<rely>false</rely>
<columnDependencyConstraintGenerateInDDL>true</columnDependencyConstraintGenerateInDDL>
</FKIndexAssociation>