<?xml version = '1.0' encoding = 'UTF-8'?>
<FKIndexAssociation class="oracle.dbtools.crest.model.design.relational.FKIndexAssociation" directorySegmentName="seg_0" id="D79037E3-646C-E37E-22A7-7B52B63CD850" containerWithKeyObject="C4722265-4582-9C51-4562-635160CC454D" localFKIndex="B7754ECD-A60A-9D11-39EE-FF35E626D1FC" name="Zamówienia_Klient_FK">
<createdBy>Admin</createdBy>
<createdTime>2023-12-20 20:03:10 UTC</createdTime>
<generatorID>9B31A5A4-68F7-85F0-CA20-C691503D0556</generatorID>
<ownerDesignName>projekt1</ownerDesignName>
<referredTableLongName>Klient</referredTableLongName>
<deleteRule>NO ACTION</deleteRule>
<referredTableID>67C180EA-9741-9A44-5C38-E820403A8DA7</referredTableID>
<keyObject>39A53D5B-AA15-D3F7-AA2B-18F4F5799C6A</keyObject>
<referredKeyID>39A53D5B-AA15-D3F7-AA2B-18F4F5799C6A</referredKeyID>
<mandatory>false</mandatory>
<refColNames>ID_Klienta</refColNames>
<transferable>true</transferable>
<rely>false</rely>
<columnDependencyConstraintGenerateInDDL>true</columnDependencyConstraintGenerateInDDL>
</FKIndexAssociation>