<?xml version = '1.0' encoding = 'UTF-8'?>
<FKIndexAssociation class="oracle.dbtools.crest.model.design.relational.FKIndexAssociation" directorySegmentName="seg_0" id="F86F0D40-E42E-A967-79F2-EC372D3E2644" containerWithKeyObject="AF750B6F-67D7-EF19-B289-76A504206FB8" localFKIndex="3384227E-1C17-DA4A-6321-45648896E3B5" name="Certyfikat_Instruktor_FK">
<createdBy>Admin</createdBy>
<createdTime>2023-12-20 20:03:10 UTC</createdTime>
<generatorID>4054CB5C-24E5-F24E-3783-E5E3B60F0DCC</generatorID>
<ownerDesignName>projekt1</ownerDesignName>
<referredTableLongName>Instruktor</referredTableLongName>
<deleteRule>NO ACTION</deleteRule>
<referredTableID>6DE98E70-192A-1961-D26E-158C3CDBB1C4</referredTableID>
<keyObject>04A955D8-4165-398F-55B4-F6D9383778E8</keyObject>
<referredKeyID>04A955D8-4165-398F-55B4-F6D9383778E8</referredKeyID>
<mandatory>true</mandatory>
<refColNames>ID_Instruktora</refColNames>
<transferable>true</transferable>
<rely>false</rely>
<columnDependencyConstraintGenerateInDDL>true</columnDependencyConstraintGenerateInDDL>
</FKIndexAssociation>