<?xml version = '1.0' encoding = 'UTF-8'?>
<Table class="oracle.dbtools.crest.model.design.relational.Table" directorySegmentName="seg_0" id="067D1C6D-8A0F-D259-856B-979FE16CA29A" name="Specjalizacja">
<createdBy>Admin</createdBy>
<createdTime>2024-01-08 23:02:55 UTC</createdTime>
<ownerDesignName>projekt1</ownerDesignName>
<allowColumnReorder>false</allowColumnReorder>
<existDependencyGenerateInDDl>true</existDependencyGenerateInDDl>
<parsed>true</parsed>
<columns itemClass="oracle.dbtools.crest.model.design.relational.Column">
<Column name="ID_Specjalizacji" id="5576391C-4361-B83C-E60A-83BBCD22B208">
<createdBy>Admin</createdBy>
<createdTime>2024-01-08 23:03:30 UTC</createdTime>
<generatorID>BAC44163-E48A-F05E-A58D-955DB4012E49</generatorID>
<ownerDesignName>projekt1</ownerDesignName>
<useDomainConstraints>false</useDomainConstraints>
<use>1</use>
<logicalDatatype>LOGDT011</logicalDatatype>
<ownDataTypeParameters>,,</ownDataTypeParameters>
<autoIncrementCycle>false</autoIncrementCycle>
</Column>
<Column name="Nazwa_specjalizacji" id="6603AA7B-79EC-5EB1-BD15-2ED91EE4E85C">
<createdBy>Admin</createdBy>
<createdTime>2024-01-08 23:03:30 UTC</createdTime>
<generatorID>8EFA9107-B463-D7BC-2A18-E8663FDC90A7</generatorID>
<ownerDesignName>projekt1</ownerDesignName>
<nullsAllowed>true</nullsAllowed>
<useDomainConstraints>false</useDomainConstraints>
<use>1</use>
<logicalDatatype>LOGDT024</logicalDatatype>
<ownDataTypeParameters>,,</ownDataTypeParameters>
<autoIncrementCycle>false</autoIncrementCycle>
</Column>
</columns>
</Table>