<?xml version = '1.0' encoding = 'UTF-8'?>
<Table class="oracle.dbtools.crest.model.design.relational.Table" directorySegmentName="seg_0" id="67C180EA-9741-9A44-5C38-E820403A8DA7" name="Klient">
<createdBy>Admin</createdBy>
<createdTime>2023-12-20 20:03:10 UTC</createdTime>
<generatorID>135148FD-0487-3812-9931-145627D21392</generatorID>
<ownerDesignName>projekt1</ownerDesignName>
<allowColumnReorder>false</allowColumnReorder>
<existDependencyGenerateInDDl>true</existDependencyGenerateInDDl>
<parsed>true</parsed>
<columns itemClass="oracle.dbtools.crest.model.design.relational.Column">
<Column name="ID_Klienta" id="F04B884E-7F51-0475-D51A-60E0D52BF719">
<createdBy>Admin</createdBy>
<createdTime>2023-12-20 20:03:10 UTC</createdTime>
<generatorID>E06FBE6C-E005-4A70-2AAD-0856CCBB37AF</generatorID>
<ownerDesignName>projekt1</ownerDesignName>
<useDomainConstraints>false</useDomainConstraints>
<use>1</use>
<logicalDatatype>LOGDT011</logicalDatatype>
<ownDataTypeParameters>,,</ownDataTypeParameters>
<autoIncrementCycle>false</autoIncrementCycle>
</Column>
<Column name="Imię" id="0EEE2A05-1C7E-D12A-4E50-0172F61FF150">
<createdBy>Admin</createdBy>
<createdTime>2023-12-20 20:03:10 UTC</createdTime>
<generatorID>B6FDDE90-AC17-DE63-4CA2-8581895921D8</generatorID>
<ownerDesignName>projekt1</ownerDesignName>
<nullsAllowed>true</nullsAllowed>
<useDomainConstraints>false</useDomainConstraints>
<use>1</use>
<logicalDatatype>LOGDT024</logicalDatatype>
<dataTypeSize>30 CHAR</dataTypeSize>
<ownDataTypeParameters>30 CHAR,,</ownDataTypeParameters>
<autoIncrementCycle>false</autoIncrementCycle>
</Column>
<Column name="Nazwisko" id="0F5B6A8E-751A-B21C-5D10-133AC3B4121B">
<createdBy>Admin</createdBy>
<createdTime>2023-12-20 20:03:10 UTC</createdTime>
<generatorID>8812AA27-D747-59CE-590C-E38BEB2E5B2C</generatorID>
<ownerDesignName>projekt1</ownerDesignName>
<nullsAllowed>true</nullsAllowed>
<useDomainConstraints>false</useDomainConstraints>
<use>1</use>
<logicalDatatype>LOGDT024</logicalDatatype>
<dataTypeSize>60 CHAR</dataTypeSize>
<ownDataTypeParameters>60 CHAR,,</ownDataTypeParameters>
<autoIncrementCycle>false</autoIncrementCycle>
</Column>
<Column name="Płeć" id="3C99DE52-1CF3-5485-FF2F-1E8A3C7B7262">
<createdBy>Admin</createdBy>
<createdTime>2023-12-20 20:03:10 UTC</createdTime>
<generatorID>676914A3-C308-E4DD-B8E0-6F6B0C5A1CDA</generatorID>
<ownerDesignName>projekt1</ownerDesignName>
<nullsAllowed>true</nullsAllowed>
<useDomainConstraints>false</useDomainConstraints>
<use>1</use>
<logicalDatatype>LOGDT024</logicalDatatype>
<dataTypeSize>10 CHAR</dataTypeSize>
<ownDataTypeParameters>10 CHAR,,</ownDataTypeParameters>
<autoIncrementCycle>false</autoIncrementCycle>
</Column>
<Column name="Data_urodzenia" id="D21F0B5A-22C1-1B45-EDEE-79E84A769F48">
<createdBy>Admin</createdBy>
<createdTime>2023-12-20 20:03:10 UTC</createdTime>
<generatorID>853DB0CE-7F1C-CAF7-764F-115E7AB66110</generatorID>
<ownerDesignName>projekt1</ownerDesignName>
<nullsAllowed>true</nullsAllowed>
<useDomainConstraints>false</useDomainConstraints>
<use>1</use>
<logicalDatatype>LOGDT007</logicalDatatype>
<ownDataTypeParameters>,,</ownDataTypeParameters>
<autoIncrementCycle>false</autoIncrementCycle>
</Column>
<Column name="Data_dołączenia" id="E51412FA-AD5F-62D0-758E-96AE6AF3CB7C">
<createdBy>Admin</createdBy>
<createdTime>2023-12-20 20:03:10 UTC</createdTime>
<generatorID>EA3189DB-1827-BE62-5C46-B9F997FF5F99</generatorID>
<ownerDesignName>projekt1</ownerDesignName>
<nullsAllowed>true</nullsAllowed>
<useDomainConstraints>false</useDomainConstraints>
<use>1</use>
<logicalDatatype>LOGDT007</logicalDatatype>
<ownDataTypeParameters>,,</ownDataTypeParameters>
<autoIncrementCycle>false</autoIncrementCycle>
</Column>
<Column name="Adres_ID_Adresu" id="CD241F50-4864-BAA9-2DCC-66E07A56A63D">
<createdBy>Admin</createdBy>
<createdTime>2023-12-20 20:03:10 UTC</createdTime>
<generatorID>00149A5C-8F33-CCB7-B4FE-45770D2CD891</generatorID>
<ownerDesignName>projekt1</ownerDesignName>
<useDomainConstraints>false</useDomainConstraints>
<use>1</use>
<logicalDatatype>LOGDT011</logicalDatatype>
<ownDataTypeParameters>,,</ownDataTypeParameters>
<previousColumn>false</previousColumn>
<autoIncrementCycle>false</autoIncrementCycle>
<associations>
<colAssociation fkAssociation="A841021E-4CE5-683E-5C42-2EBA1BF3BA4C" referredColumn="034BDDF5-1169-4F6E-1854-DBA909E50C35"/>
</associations>
</Column>
<Column name="Karnet_ID_Karnetu" id="8FD95F23-E94E-7332-159E-E27AB57D08CC">
<createdBy>Admin</createdBy>
<createdTime>2023-12-20 20:03:10 UTC</createdTime>
<generatorID>86CA7BD7-82E2-E8EC-CCCD-1CB4B6AEDC5D</generatorID>
<ownerDesignName>projekt1</ownerDesignName>
<nullsAllowed>true</nullsAllowed>
<useDomainConstraints>false</useDomainConstraints>
<use>1</use>
<logicalDatatype>LOGDT011</logicalDatatype>
<ownDataTypeParameters>,,</ownDataTypeParameters>
<previousColumn>false</previousColumn>
<autoIncrementCycle>false</autoIncrementCycle>
<associations>
<colAssociation fkAssociation="75E26CFD-B1AA-79BA-F915-B7DED0907B76" referredColumn="1D526FF0-ED42-86DF-2EC9-8BA07BFBAEDF"/>
</associations>
</Column>
</columns>
<indexes itemClass="oracle.dbtools.crest.model.design.relational.Index">
<ind_PK_UK id="39A53D5B-AA15-D3F7-AA2B-18F4F5799C6A" name="Klient_PK">
<createdBy>Admin</createdBy>
<createdTime>2023-12-20 20:03:10 UTC</createdTime>
<generatorID>8943D12B-FC27-AD25-225D-C37A1AF9EADD</generatorID>
<ownerDesignName>projekt1</ownerDesignName>
<pk>true</pk>
<indexState>Primary Constraint</indexState>
<isSurrogateKey>false</isSurrogateKey>
<indexColumnUsage>
<colUsage columnID="F04B884E-7F51-0475-D51A-60E0D52BF719"/>
</indexColumnUsage>
</ind_PK_UK>
<ind_PK_UK id="F31AC428-CDF8-2C86-F33E-4837C2FAA2B9" name="Klient_Adres_FK">
<createdBy>Admin</createdBy>
<createdTime>2023-12-20 20:03:10 UTC</createdTime>
<generatorID>C4C6CA6D-F15A-AABA-F053-D970C408B2F1</generatorID>
<ownerDesignName>projekt1</ownerDesignName>
<indexState>Foreign Key</indexState>
<isSurrogateKey>false</isSurrogateKey>
<indexColumnUsage>
<colUsage columnID="CD241F50-4864-BAA9-2DCC-66E07A56A63D"/>
</indexColumnUsage>
</ind_PK_UK>
<ind_PK_UK id="B11ACCE0-1DC5-4BAA-8713-70297151D63C" name="Klient_Karnet_FK">
<createdBy>Admin</createdBy>
<createdTime>2023-12-20 20:03:10 UTC</createdTime>
<generatorID>E4FF232E-BB5B-FD5B-0E88-CE6B581F2945</generatorID>
<ownerDesignName>projekt1</ownerDesignName>
<indexState>Foreign Key</indexState>
<isSurrogateKey>false</isSurrogateKey>
<indexColumnUsage>
<colUsage columnID="8FD95F23-E94E-7332-159E-E27AB57D08CC"/>
</indexColumnUsage>
</ind_PK_UK>
</indexes>
</Table>