<?xml version = '1.0' encoding = 'UTF-8'?>
<Table class="oracle.dbtools.crest.model.design.relational.Table" directorySegmentName="seg_0" id="7D823684-05A3-D9FE-43B8-D9F6B7E46BFC" name="Rezerwacja">
<createdBy>Admin</createdBy>
<createdTime>2023-12-20 20:03:10 UTC</createdTime>
<generatorID>D21B6A7B-232A-7069-FE7D-A1CB1D0934A6</generatorID>
<ownerDesignName>projekt1</ownerDesignName>
<allowColumnReorder>false</allowColumnReorder>
<existDependencyGenerateInDDl>true</existDependencyGenerateInDDl>
<parsed>true</parsed>
<columns itemClass="oracle.dbtools.crest.model.design.relational.Column">
<Column name="Nr_rezerwacji" id="FF0D0FE8-3A28-9C87-9CC9-EAE9E8F70261">
<createdBy>Admin</createdBy>
<createdTime>2023-12-20 20:03:10 UTC</createdTime>
<generatorID>81CB53C7-AF23-8ADA-56AC-26417FE0A35D</generatorID>
<ownerDesignName>projekt1</ownerDesignName>
<nullsAllowed>true</nullsAllowed>
<useDomainConstraints>false</useDomainConstraints>
<use>1</use>
<logicalDatatype>LOGDT011</logicalDatatype>
<ownDataTypeParameters>,,</ownDataTypeParameters>
<autoIncrementCycle>false</autoIncrementCycle>
</Column>
<Column name="Data_rezerwacji" id="5E965815-5B8F-7412-D0B1-AE6E8BBCD7FC">
<createdBy>Admin</createdBy>
<createdTime>2023-12-20 20:03:10 UTC</createdTime>
<generatorID>F8AE70AA-B726-0585-3A4D-571EBC393015</generatorID>
<ownerDesignName>projekt1</ownerDesignName>
<nullsAllowed>true</nullsAllowed>
<useDomainConstraints>false</useDomainConstraints>
<use>1</use>
<logicalDatatype>LOGDT007</logicalDatatype>
<ownDataTypeParameters>,,</ownDataTypeParameters>
<autoIncrementCycle>false</autoIncrementCycle>
</Column>
<Column name="Klient_ID_Klienta" id="B7864448-A50F-B59B-E716-A1887847584D">
<createdBy>Admin</createdBy>
<createdTime>2023-12-20 20:03:10 UTC</createdTime>
<generatorID>01F961F9-3719-D059-4CDF-949E8D59A805</generatorID>
<ownerDesignName>projekt1</ownerDesignName>
<useDomainConstraints>false</useDomainConstraints>
<use>1</use>
<logicalDatatype>LOGDT011</logicalDatatype>
<ownDataTypeParameters>,,</ownDataTypeParameters>
<previousColumn>false</previousColumn>
<autoIncrementCycle>false</autoIncrementCycle>
<associations>
<colAssociation fkAssociation="840D243F-1480-F408-D7D3-4C78D0335EE1" referredColumn="F04B884E-7F51-0475-D51A-60E0D52BF719"/>
</associations>
</Column>
<Column name="Grupa_zajęciowa_ID_Grupy" id="D6DF78F5-6F8A-21A8-6A8F-28D8C42581C1">
<createdBy>Admin</createdBy>
<createdTime>2023-12-20 20:03:10 UTC</createdTime>
<generatorID>332DAB3F-AAD7-B1ED-9F1D-D404AA58B745</generatorID>
<ownerDesignName>projekt1</ownerDesignName>
<useDomainConstraints>false</useDomainConstraints>
<use>1</use>
<logicalDatatype>LOGDT011</logicalDatatype>
<ownDataTypeParameters>,,</ownDataTypeParameters>
<previousColumn>false</previousColumn>
<autoIncrementCycle>false</autoIncrementCycle>
<associations>
<colAssociation fkAssociation="9F0C0F8F-7312-2F88-AD2D-50D116250C28" referredColumn="82726B79-52FB-EE23-BACA-7D38491228E6"/>
</associations>
</Column>
</columns>
<indexes itemClass="oracle.dbtools.crest.model.design.relational.Index">
<ind_PK_UK id="CE9487E6-DC75-8ED7-23D3-34E87F6A2176" name="Rezerwacja_PK">
<createdBy>Admin</createdBy>
<createdTime>2023-12-20 20:03:10 UTC</createdTime>
<generatorID>CE54B4A1-9102-B7DA-BFD2-29B0CD9782E0</generatorID>
<ownerDesignName>projekt1</ownerDesignName>
<pk>true</pk>
<indexState>Primary Constraint</indexState>
<isSurrogateKey>false</isSurrogateKey>
<indexColumnUsage>
<colUsage columnID="B7864448-A50F-B59B-E716-A1887847584D"/>
<colUsage columnID="D6DF78F5-6F8A-21A8-6A8F-28D8C42581C1"/>
</indexColumnUsage>
</ind_PK_UK>
<ind_PK_UK id="FE34C64A-0273-151E-2229-2A2746471566" name="Rezerwacja_Grupa_zajęciowa_FK">
<createdBy>Admin</createdBy>
<createdTime>2023-12-20 20:03:10 UTC</createdTime>
<generatorID>462CDC82-A7CD-5E9A-B155-402161C07090</generatorID>
<ownerDesignName>projekt1</ownerDesignName>
<indexState>Foreign Key</indexState>
<isSurrogateKey>false</isSurrogateKey>
<indexColumnUsage>
<colUsage columnID="D6DF78F5-6F8A-21A8-6A8F-28D8C42581C1"/>
</indexColumnUsage>
</ind_PK_UK>
<ind_PK_UK id="4750DF8A-9E54-5420-697C-76F5BA655730" name="Rezerwacja_Klient_FK">
<createdBy>Admin</createdBy>
<createdTime>2023-12-20 20:03:10 UTC</createdTime>
<generatorID>F47B993C-7818-3E04-0FF0-4D9AF8559B49</generatorID>
<ownerDesignName>projekt1</ownerDesignName>
<indexState>Foreign Key</indexState>
<isSurrogateKey>false</isSurrogateKey>
<indexColumnUsage>
<colUsage columnID="B7864448-A50F-B59B-E716-A1887847584D"/>
</indexColumnUsage>
</ind_PK_UK>
</indexes>
</Table>