<?xml version = '1.0' encoding = 'UTF-8'?>
<Table class="oracle.dbtools.crest.model.design.relational.Table" directorySegmentName="seg_0" id="AF750B6F-67D7-EF19-B289-76A504206FB8" name="Certyfikat">
<createdBy>Admin</createdBy>
<createdTime>2023-12-20 20:03:10 UTC</createdTime>
<generatorID>8CF5EFC3-E625-FB8D-16DA-B895A167898B</generatorID>
<ownerDesignName>projekt1</ownerDesignName>
<allowColumnReorder>false</allowColumnReorder>
<existDependencyGenerateInDDl>true</existDependencyGenerateInDDl>
<parsed>true</parsed>
<columns itemClass="oracle.dbtools.crest.model.design.relational.Column">
<Column name="Nr_certyfikatu" id="BF02E1F0-9D9B-3F5F-27E9-53472B6BF6C5">
<createdBy>Admin</createdBy>
<createdTime>2023-12-20 20:03:10 UTC</createdTime>
<generatorID>308B2F24-DA1C-121A-DCC0-ADAA8693DAD3</generatorID>
<ownerDesignName>projekt1</ownerDesignName>
<nullsAllowed>true</nullsAllowed>
<useDomainConstraints>false</useDomainConstraints>
<use>1</use>
<logicalDatatype>LOGDT011</logicalDatatype>
<ownDataTypeParameters>,,</ownDataTypeParameters>
<autoIncrementCycle>false</autoIncrementCycle>
</Column>
<Column name="Data_uzyskania" id="0CCDFF1B-28D6-8AD8-A52D-3B11AC2C839F">
<createdBy>Admin</createdBy>
<createdTime>2023-12-20 20:03:10 UTC</createdTime>
<generatorID>44A3517B-B03D-9D81-E313-C85D9C8F16FE</generatorID>
<ownerDesignName>projekt1</ownerDesignName>
<nullsAllowed>true</nullsAllowed>
<useDomainConstraints>false</useDomainConstraints>
<use>1</use>
<logicalDatatype>LOGDT007</logicalDatatype>
<ownDataTypeParameters>,,</ownDataTypeParameters>
<autoIncrementCycle>false</autoIncrementCycle>
</Column>
<Column name="Instruktor_ID_Instruktora" id="C8648F7D-0EC4-517D-5C7E-8E454A308ABD">
<createdBy>Admin</createdBy>
<createdTime>2023-12-20 20:03:10 UTC</createdTime>
<generatorID>4CAB68FA-272A-A7E3-B507-C7E7B17F1B79</generatorID>
<ownerDesignName>projekt1</ownerDesignName>
<useDomainConstraints>false</useDomainConstraints>
<use>1</use>
<logicalDatatype>LOGDT011</logicalDatatype>
<ownDataTypeParameters>,,</ownDataTypeParameters>
<previousColumn>false</previousColumn>
<autoIncrementCycle>false</autoIncrementCycle>
<associations>
<colAssociation fkAssociation="F86F0D40-E42E-A967-79F2-EC372D3E2644" referredColumn="10C27CC9-B3A2-3DE9-82C0-681F5F52568A"/>
</associations>
</Column>
<Column name="ID_Specjalizacji" id="BD1E7559-C0C5-B34B-D92B-0033C058278A">
<createdBy>Admin</createdBy>
<createdTime>2023-12-20 20:03:10 UTC</createdTime>
<generatorID>3F22012A-BCFE-8B72-5818-0940DDACB9D1</generatorID>
<ownerDesignName>projekt1</ownerDesignName>
<useDomainConstraints>false</useDomainConstraints>
<use>1</use>
<logicalDatatype>LOGDT011</logicalDatatype>
<ownDataTypeParameters>,,</ownDataTypeParameters>
<previousColumn>false</previousColumn>
<autoIncrementCycle>false</autoIncrementCycle>
<associations>
<colAssociation fkAssociation="8328DC00-C1A4-5951-60DB-A516BC719BAA" referredColumn="01DCF6D1-50BE-6513-089C-DB729125E201"/>
</associations>
</Column>
</columns>
<indexes itemClass="oracle.dbtools.crest.model.design.relational.Index">
<ind_PK_UK id="38E88D15-D59F-97A7-E302-06FF31FB9934" name="Certyfikat_PK">
<createdBy>Admin</createdBy>
<createdTime>2023-12-20 20:03:10 UTC</createdTime>
<generatorID>79B8112E-9F47-3A78-6283-560C6AA43A60</generatorID>
<ownerDesignName>projekt1</ownerDesignName>
<pk>true</pk>
<indexState>Primary Constraint</indexState>
<isSurrogateKey>false</isSurrogateKey>
<indexColumnUsage>
<colUsage columnID="C8648F7D-0EC4-517D-5C7E-8E454A308ABD"/>
<colUsage columnID="BD1E7559-C0C5-B34B-D92B-0033C058278A"/>
</indexColumnUsage>
</ind_PK_UK>
<ind_PK_UK id="3384227E-1C17-DA4A-6321-45648896E3B5" name="Certyfikat_Instruktor_FK">
<createdBy>Admin</createdBy>
<createdTime>2023-12-20 20:03:10 UTC</createdTime>
<generatorID>4054CB5C-24E5-F24E-3783-E5E3B60F0DCC</generatorID>
<ownerDesignName>projekt1</ownerDesignName>
<indexState>Foreign Key</indexState>
<isSurrogateKey>false</isSurrogateKey>
<indexColumnUsage>
<colUsage columnID="C8648F7D-0EC4-517D-5C7E-8E454A308ABD"/>
</indexColumnUsage>
</ind_PK_UK>
<ind_PK_UK id="F3D7E6D5-93BE-1A66-A0B5-1C50BADA7A88" name="Certyfikat_Specjalizacja_FK">
<createdBy>Admin</createdBy>
<createdTime>2023-12-20 20:03:10 UTC</createdTime>
<generatorID>26890195-1B70-ED72-B643-31611B8E0F81</generatorID>
<ownerDesignName>projekt1</ownerDesignName>
<indexState>Foreign Key</indexState>
<isSurrogateKey>false</isSurrogateKey>
<indexColumnUsage>
<colUsage columnID="BD1E7559-C0C5-B34B-D92B-0033C058278A"/>
</indexColumnUsage>
</ind_PK_UK>
</indexes>
</Table>