<?xml version = '1.0' encoding = 'UTF-8'?>
<Table class="oracle.dbtools.crest.model.design.relational.Table" directorySegmentName="seg_0" id="C4722265-4582-9C51-4562-635160CC454D" name="Zamówienia">
<createdBy>Admin</createdBy>
<createdTime>2023-12-20 20:03:10 UTC</createdTime>
<generatorID>C8DD6D90-B415-1C03-83C0-2FED3B02F2FD</generatorID>
<ownerDesignName>projekt1</ownerDesignName>
<allowColumnReorder>false</allowColumnReorder>
<existDependencyGenerateInDDl>true</existDependencyGenerateInDDl>
<parsed>true</parsed>
<columns itemClass="oracle.dbtools.crest.model.design.relational.Column">
<Column name="ID_Zamówienia" id="EE2D1E0A-BA19-F942-4476-02CC9A7D232E">
<createdBy>Admin</createdBy>
<createdTime>2023-12-20 20:03:10 UTC</createdTime>
<generatorID>8AF0EA2E-DB2C-B335-54EE-BB68AC4C49CC</generatorID>
<ownerDesignName>projekt1</ownerDesignName>
<useDomainConstraints>false</useDomainConstraints>
<use>1</use>
<logicalDatatype>LOGDT011</logicalDatatype>
<ownDataTypeParameters>,,</ownDataTypeParameters>
<autoIncrementCycle>false</autoIncrementCycle>
</Column>
<Column name="Data_zamowienia" id="06C25BBA-376F-B207-BC31-51C1F8223D62">
<createdBy>Admin</createdBy>
<createdTime>2023-12-20 20:03:10 UTC</createdTime>
<generatorID>2DE19896-A1C6-1C3D-BFF2-BFD49C55A56B</generatorID>
<ownerDesignName>projekt1</ownerDesignName>
<nullsAllowed>true</nullsAllowed>
<useDomainConstraints>false</useDomainConstraints>
<use>1</use>
<logicalDatatype>LOGDT007</logicalDatatype>
<ownDataTypeParameters>,,</ownDataTypeParameters>
<autoIncrementCycle>false</autoIncrementCycle>
</Column>
<Column name="Karnet_ID_Karnetu" id="B40E26AE-802E-1A01-414F-800C4C8FBBAB">
<createdBy>Admin</createdBy>
<createdTime>2023-12-20 20:03:10 UTC</createdTime>
<generatorID>52650946-CD47-7304-A1DD-92D4B3BF7A44</generatorID>
<ownerDesignName>projekt1</ownerDesignName>
<nullsAllowed>true</nullsAllowed>
<useDomainConstraints>false</useDomainConstraints>
<use>1</use>
<logicalDatatype>LOGDT011</logicalDatatype>
<ownDataTypeParameters>,,</ownDataTypeParameters>
<previousColumn>false</previousColumn>
<autoIncrementCycle>false</autoIncrementCycle>
<associations>
<colAssociation fkAssociation="6D2BF9EA-C386-2BA5-26B9-F5A368310D77" referredColumn="1D526FF0-ED42-86DF-2EC9-8BA07BFBAEDF"/>
</associations>
</Column>
<Column name="Klient_ID_Klienta" id="C9A161A2-ECB9-91C0-D2CF-8384CF07524B">
<createdBy>Admin</createdBy>
<createdTime>2023-12-20 20:03:10 UTC</createdTime>
<generatorID>AA10990A-6DFC-896E-8CA2-F73C79AEEB56</generatorID>
<ownerDesignName>projekt1</ownerDesignName>
<nullsAllowed>true</nullsAllowed>
<useDomainConstraints>false</useDomainConstraints>
<use>1</use>
<logicalDatatype>LOGDT011</logicalDatatype>
<ownDataTypeParameters>,,</ownDataTypeParameters>
<previousColumn>false</previousColumn>
<autoIncrementCycle>false</autoIncrementCycle>
<associations>
<colAssociation fkAssociation="D79037E3-646C-E37E-22A7-7B52B63CD850" referredColumn="F04B884E-7F51-0475-D51A-60E0D52BF719"/>
</associations>
</Column>
</columns>
<indexes itemClass="oracle.dbtools.crest.model.design.relational.Index">
<ind_PK_UK id="4DA8D56B-0242-5CAC-C920-FE98B09D0DC2" name="Zamówienia_PK">
<createdBy>Admin</createdBy>
<createdTime>2023-12-20 20:03:10 UTC</createdTime>
<generatorID>9B515632-49A8-9E0A-D889-E6274B9F5B8B</generatorID>
<ownerDesignName>projekt1</ownerDesignName>
<pk>true</pk>
<indexState>Primary Constraint</indexState>
<isSurrogateKey>false</isSurrogateKey>
<indexColumnUsage>
<colUsage columnID="EE2D1E0A-BA19-F942-4476-02CC9A7D232E"/>
</indexColumnUsage>
</ind_PK_UK>
<ind_PK_UK id="B7754ECD-A60A-9D11-39EE-FF35E626D1FC" name="Zamówienia_Klient_FK">
<createdBy>Admin</createdBy>
<createdTime>2023-12-20 20:03:10 UTC</createdTime>
<generatorID>9B31A5A4-68F7-85F0-CA20-C691503D0556</generatorID>
<ownerDesignName>projekt1</ownerDesignName>
<indexState>Foreign Key</indexState>
<isSurrogateKey>false</isSurrogateKey>
<indexColumnUsage>
<colUsage columnID="C9A161A2-ECB9-91C0-D2CF-8384CF07524B"/>
</indexColumnUsage>
</ind_PK_UK>
<ind_PK_UK id="B963EA4E-9C27-B56A-A90B-FC8D2EE52F90" name="Zamówienia_Karnet_FK">
<createdBy>Admin</createdBy>
<createdTime>2023-12-20 20:03:10 UTC</createdTime>
<generatorID>0C3C6652-BF89-285A-2FCD-A10FB45401BA</generatorID>
<ownerDesignName>projekt1</ownerDesignName>
<indexState>Foreign Key</indexState>
<isSurrogateKey>false</isSurrogateKey>
<indexColumnUsage>
<colUsage columnID="B40E26AE-802E-1A01-414F-800C4C8FBBAB"/>
</indexColumnUsage>
</ind_PK_UK>
</indexes>
</Table>