<?xml version = '1.0' encoding = 'UTF-8'?>
<Table class="oracle.dbtools.crest.model.design.relational.Table" directorySegmentName="seg_0" id="DEA85602-02C9-8FB9-8ED1-CCC26AD90D68" name="Grupa_zajęciowa">
<createdBy>Admin</createdBy>
<createdTime>2023-12-20 20:03:10 UTC</createdTime>
<generatorID>F0BF763B-B519-CE98-3963-CFC10BBCBB84</generatorID>
<ownerDesignName>projekt1</ownerDesignName>
<allowColumnReorder>false</allowColumnReorder>
<existDependencyGenerateInDDl>true</existDependencyGenerateInDDl>
<parsed>true</parsed>
<columns itemClass="oracle.dbtools.crest.model.design.relational.Column">
<Column name="ID_Grupy" id="82726B79-52FB-EE23-BACA-7D38491228E6">
<createdBy>Admin</createdBy>
<createdTime>2023-12-20 20:03:10 UTC</createdTime>
<generatorID>3CEC2F85-7984-3A8C-D21A-80D1F49C5D36</generatorID>
<ownerDesignName>projekt1</ownerDesignName>
<useDomainConstraints>false</useDomainConstraints>
<use>1</use>
<logicalDatatype>LOGDT011</logicalDatatype>
<ownDataTypeParameters>,,</ownDataTypeParameters>
<autoIncrementCycle>false</autoIncrementCycle>
</Column>
<Column name="Data" id="7F860376-C106-8D91-3983-1EAFB3B54F53">
<createdBy>Admin</createdBy>
<createdTime>2023-12-20 20:03:10 UTC</createdTime>
<generatorID>E1524EE3-CD5D-187C-5BDA-AECCC4599BC4</generatorID>
<ownerDesignName>projekt1</ownerDesignName>
<nullsAllowed>true</nullsAllowed>
<useDomainConstraints>false</useDomainConstraints>
<use>1</use>
<logicalDatatype>LOGDT007</logicalDatatype>
<ownDataTypeParameters>,,</ownDataTypeParameters>
<autoIncrementCycle>false</autoIncrementCycle>
</Column>
<Column name="Godzina_rozpoczęcia" id="1C2C7587-F7E3-7D63-B047-5345EFD0B66A">
<createdBy>Admin</createdBy>
<createdTime>2023-12-20 20:03:10 UTC</createdTime>
<generatorID>7DC88697-EDCC-C37B-2DFE-340644F9CA63</generatorID>
<ownerDesignName>projekt1</ownerDesignName>
<nullsAllowed>true</nullsAllowed>
<useDomainConstraints>false</useDomainConstraints>
<use>1</use>
<logicalDatatype>LOGDT014</logicalDatatype>
<ownDataTypeParameters>,,</ownDataTypeParameters>
<autoIncrementCycle>false</autoIncrementCycle>
</Column>
<Column name="Czas_trwania_w_minutach" id="5EFA6FDB-C9C5-F1B7-307D-50E5D808865D">
<createdBy>Admin</createdBy>
<createdTime>2023-12-20 20:03:10 UTC</createdTime>
<generatorID>6B530065-6EB1-0D77-0704-E4C8B8CC70AF</generatorID>
<ownerDesignName>projekt1</ownerDesignName>
<nullsAllowed>true</nullsAllowed>
<useDomainConstraints>false</useDomainConstraints>
<use>1</use>
<logicalDatatype>LOGDT011</logicalDatatype>
<ownDataTypeParameters>,,</ownDataTypeParameters>
<autoIncrementCycle>false</autoIncrementCycle>
</Column>
<Column name="Liczba_miejsc" id="958D3D29-29DB-F16B-12DE-AEB867A8F668">
<createdBy>Admin</createdBy>
<createdTime>2023-12-20 20:03:10 UTC</createdTime>
<generatorID>1FEE16E6-4F13-7A3C-C99C-E287E4CE97C4</generatorID>
<ownerDesignName>projekt1</ownerDesignName>
<nullsAllowed>true</nullsAllowed>
<useDomainConstraints>false</useDomainConstraints>
<use>1</use>
<logicalDatatype>LOGDT011</logicalDatatype>
<ownDataTypeParameters>,,</ownDataTypeParameters>
<autoIncrementCycle>false</autoIncrementCycle>
</Column>
<Column name="Poziom_zaawansowania" id="47DE778D-7676-0DCE-0C0E-9F27A59881F1">
<createdBy>Admin</createdBy>
<createdTime>2023-12-20 20:03:10 UTC</createdTime>
<generatorID>8169D2E5-5DEF-1193-BC20-CE9A15465530</generatorID>
<ownerDesignName>projekt1</ownerDesignName>
<nullsAllowed>true</nullsAllowed>
<useDomainConstraints>false</useDomainConstraints>
<use>1</use>
<logicalDatatype>LOGDT024</logicalDatatype>
<dataTypeSize>30 CHAR</dataTypeSize>
<ownDataTypeParameters>30 CHAR,,</ownDataTypeParameters>
<autoIncrementCycle>false</autoIncrementCycle>
</Column>
<Column name="Instruktor_ID_Instruktora" id="037F79E2-5B6A-7430-EE83-853F1B717BDB">
<createdBy>Admin</createdBy>
<createdTime>2023-12-20 20:03:10 UTC</createdTime>
<generatorID>37831282-7224-DC4B-88CE-72DC9DA28090</generatorID>
<ownerDesignName>projekt1</ownerDesignName>
<nullsAllowed>true</nullsAllowed>
<useDomainConstraints>false</useDomainConstraints>
<use>1</use>
<logicalDatatype>LOGDT011</logicalDatatype>
<ownDataTypeParameters>,,</ownDataTypeParameters>
<previousColumn>false</previousColumn>
<autoIncrementCycle>false</autoIncrementCycle>
<associations>
<colAssociation fkAssociation="398955A1-4153-74DD-7219-B714BC76D0CB" referredColumn="10C27CC9-B3A2-3DE9-82C0-681F5F52568A"/>
</associations>
</Column>
<Column name="Zajęcia_ID_Zajęć" id="DEB039D4-8470-012C-0979-B4CE4D5AE7C4">
<createdBy>Admin</createdBy>
<createdTime>2023-12-20 20:03:10 UTC</createdTime>
<generatorID>7F04556D-1802-58B1-1354-5D72412E7137</generatorID>
<ownerDesignName>projekt1</ownerDesignName>
<nullsAllowed>true</nullsAllowed>
<useDomainConstraints>false</useDomainConstraints>
<use>1</use>
<logicalDatatype>LOGDT011</logicalDatatype>
<ownDataTypeParameters>,,</ownDataTypeParameters>
<previousColumn>false</previousColumn>
<autoIncrementCycle>false</autoIncrementCycle>
<associations>
<colAssociation fkAssociation="A4997B29-44E6-BC37-46A7-37F2D962334F" referredColumn="470EB0F5-B07B-47CD-6D5F-A21AA54CDEC5"/>
</associations>
</Column>
<Column name="Sala_ID_Sali" id="DF7D3A66-C076-EB27-414C-BCC07A6229BB">
<createdBy>Admin</createdBy>
<createdTime>2023-12-20 20:23:52 UTC</createdTime>
<generatorID>DF1C8B69-1949-5BC4-6BB4-498FF8AFF972</generatorID>
<ownerDesignName>projekt1</ownerDesignName>
<nullsAllowed>true</nullsAllowed>
<useDomainConstraints>false</useDomainConstraints>
<use>1</use>
<logicalDatatype>LOGDT011</logicalDatatype>
<ownDataTypeParameters>,,</ownDataTypeParameters>
<previousColumn>false</previousColumn>
<autoIncrementCycle>false</autoIncrementCycle>
<associations>
<colAssociation fkAssociation="A892C78F-9630-0063-AD41-03B842154FC6" referredColumn="F2CC4E3D-93F5-F982-0117-03760ED89F98"/>
</associations>
</Column>
</columns>
<indexes itemClass="oracle.dbtools.crest.model.design.relational.Index">
<ind_PK_UK id="3E052CA4-7CB5-CE04-BC08-D1994D82EB00" name="Grupa_zajęciowa_PK">
<createdBy>Admin</createdBy>
<createdTime>2023-12-20 20:03:10 UTC</createdTime>
<generatorID>A2AEF7E7-47E0-1635-C942-700D4443EB97</generatorID>
<ownerDesignName>projekt1</ownerDesignName>
<pk>true</pk>
<indexState>Primary Constraint</indexState>
<isSurrogateKey>false</isSurrogateKey>
<indexColumnUsage>
<colUsage columnID="82726B79-52FB-EE23-BACA-7D38491228E6"/>
</indexColumnUsage>
</ind_PK_UK>
<ind_PK_UK id="79B79278-16E5-5749-ED23-A22D3C585F53" name="Grupa_zajęciowa_Instruktor_FK">
<createdBy>Admin</createdBy>
<createdTime>2023-12-20 20:03:10 UTC</createdTime>
<generatorID>08E464AE-6E5F-D297-E719-7B6D8C48689B</generatorID>
<ownerDesignName>projekt1</ownerDesignName>
<indexState>Foreign Key</indexState>
<isSurrogateKey>false</isSurrogateKey>
<indexColumnUsage>
<colUsage columnID="037F79E2-5B6A-7430-EE83-853F1B717BDB"/>
</indexColumnUsage>
</ind_PK_UK>
<ind_PK_UK id="E1798738-0949-3293-F870-2AC1E12B63D8" name="Grupa_zajęciowa_Zajęcia_FK">
<createdBy>Admin</createdBy>
<createdTime>2023-12-20 20:03:10 UTC</createdTime>
<generatorID>690F4F90-A33C-E598-DF88-9CF24B1ED38D</generatorID>
<ownerDesignName>projekt1</ownerDesignName>
<indexState>Foreign Key</indexState>
<isSurrogateKey>false</isSurrogateKey>
<indexColumnUsage>
<colUsage columnID="DEB039D4-8470-012C-0979-B4CE4D5AE7C4"/>
</indexColumnUsage>
</ind_PK_UK>
<ind_PK_UK id="99A6E9D6-543F-7083-007E-AEE1AA968189" name="Grupa_zajęciowa_Sala_FK">
<createdBy>Admin</createdBy>
<createdTime>2023-12-20 20:23:52 UTC</createdTime>
<generatorID>CEF1502C-A758-1F1F-7223-422C00197F75</generatorID>
<ownerDesignName>projekt1</ownerDesignName>
<indexState>Foreign Key</indexState>
<isSurrogateKey>false</isSurrogateKey>
<indexColumnUsage>
<colUsage columnID="DF7D3A66-C076-EB27-414C-BCC07A6229BB"/>
</indexColumnUsage>
</ind_PK_UK>
</indexes>
</Table>