<?xml version = '1.0' encoding = 'UTF-8'?>
<Relation class="oracle.dbtools.crest.model.design.logical.Relation" name="Instruktor-Grupa_zajęciowa" directorySegmentName="seg_0" id="08E464AE-6E5F-D297-E719-7B6D8C48689B">
<createdBy>Admin</createdBy>
<createdTime>2023-12-20 19:57:11 UTC</createdTime>
<ownerDesignName>projekt1</ownerDesignName>
<engineerTo>
<item key="7E527487-9E8F-AC51-3460-A08A8F645484" value="true"/>
</engineerTo>
<sourcePk>939F7F30-EE32-CE20-4F6C-C035EDC864B5</sourcePk>
<identifying>false</identifying>
<optionalSource>true</optionalSource>
<optionalTarget>false</optionalTarget>
<sourceCardinality>1</sourceCardinality>
<sourceEntity>07CB6646-E5E6-0DFE-C804-E951B7474E6F</sourceEntity>
<targetCardinalityString>*</targetCardinalityString>
<targetEntity>F0BF763B-B519-CE98-3963-CFC10BBCBB84</targetEntity>
<transferable>true</transferable>
<deleteRule>NO ACTION</deleteRule>
</Relation>