<?xml version = '1.0' encoding = 'UTF-8'?>
<Relation class="oracle.dbtools.crest.model.design.logical.Relation" name="Relation_12" directorySegmentName="seg_0" id="0C3C6652-BF89-285A-2FCD-A10FB45401BA">
<createdBy>Admin</createdBy>
<createdTime>2023-12-20 19:57:11 UTC</createdTime>
<ownerDesignName>projekt1</ownerDesignName>
<engineerTo>
<item key="7E527487-9E8F-AC51-3460-A08A8F645484" value="true"/>
</engineerTo>
<sourcePk>33E1AC3E-9479-9D4B-9536-55EFCA99E091</sourcePk>
<identifying>false</identifying>
<optionalSource>true</optionalSource>
<optionalTarget>false</optionalTarget>
<sourceCardinality>1</sourceCardinality>
<sourceEntity>11439315-F45E-9A0D-75AB-1BBC4C5DC85C</sourceEntity>
<targetCardinalityString>*</targetCardinalityString>
<targetEntity>C8DD6D90-B415-1C03-83C0-2FED3B02F2FD</targetEntity>
<transferable>true</transferable>
<deleteRule>NO ACTION</deleteRule>
</Relation>