<?xml version = '1.0' encoding = 'UTF-8'?>
<Relation class="oracle.dbtools.crest.model.design.logical.Relation" name="Specjalizacja-Certyfikat" directorySegmentName="seg_0" id="26890195-1B70-ED72-B643-31611B8E0F81">
<createdBy>Admin</createdBy>
<createdTime>2023-12-20 19:58:30 UTC</createdTime>
<ownerDesignName>projekt1</ownerDesignName>
<engineerTo>
<item key="7E527487-9E8F-AC51-3460-A08A8F645484" value="true"/>
</engineerTo>
<sourcePk>A4760E0E-29D4-D0DD-ECCC-F5B35AABD0F3</sourcePk>
<identifying>true</identifying>
<optionalSource>false</optionalSource>
<optionalTarget>false</optionalTarget>
<sourceCardinality>1</sourceCardinality>
<sourceEntity>F64F0D94-8D78-E0AD-0F0A-00487AC0A19F</sourceEntity>
<targetCardinalityString>*</targetCardinalityString>
<targetEntity>8CF5EFC3-E625-FB8D-16DA-B895A167898B</targetEntity>
<transferable>true</transferable>
<deleteRule>NO ACTION</deleteRule>
</Relation>