<?xml version = '1.0' encoding = 'UTF-8'?>
<Relation class="oracle.dbtools.crest.model.design.logical.Relation" name="Instruktor-Certyfikat" directorySegmentName="seg_0" id="4054CB5C-24E5-F24E-3783-E5E3B60F0DCC">
<createdBy>Admin</createdBy>
<createdTime>2023-12-20 19:57:45 UTC</createdTime>
<ownerDesignName>projekt1</ownerDesignName>
<engineerTo>
<item key="7E527487-9E8F-AC51-3460-A08A8F645484" value="true"/>
</engineerTo>
<sourcePk>939F7F30-EE32-CE20-4F6C-C035EDC864B5</sourcePk>
<identifying>true</identifying>
<optionalSource>false</optionalSource>
<optionalTarget>false</optionalTarget>
<sourceCardinality>1</sourceCardinality>
<sourceEntity>07CB6646-E5E6-0DFE-C804-E951B7474E6F</sourceEntity>
<targetCardinalityString>*</targetCardinalityString>
<targetEntity>8CF5EFC3-E625-FB8D-16DA-B895A167898B</targetEntity>
<transferable>true</transferable>
<deleteRule>NO ACTION</deleteRule>
</Relation>