<?xml version = '1.0' encoding = 'UTF-8'?>
<Relation class="oracle.dbtools.crest.model.design.logical.Relation" name="Grupa_Zajeciowa-Rezerwacja" directorySegmentName="seg_0" id="462CDC82-A7CD-5E9A-B155-402161C07090">
<createdBy>Admin</createdBy>
<createdTime>2023-12-20 19:59:51 UTC</createdTime>
<ownerDesignName>projekt1</ownerDesignName>
<engineerTo>
<item key="7E527487-9E8F-AC51-3460-A08A8F645484" value="true"/>
</engineerTo>
<sourcePk>A2AEF7E7-47E0-1635-C942-700D4443EB97</sourcePk>
<identifying>true</identifying>
<optionalSource>true</optionalSource>
<optionalTarget>false</optionalTarget>
<sourceCardinality>1</sourceCardinality>
<sourceEntity>F0BF763B-B519-CE98-3963-CFC10BBCBB84</sourceEntity>
<targetCardinalityString>*</targetCardinalityString>
<targetEntity>D21B6A7B-232A-7069-FE7D-A1CB1D0934A6</targetEntity>
<transferable>true</transferable>
<deleteRule>NO ACTION</deleteRule>
</Relation>