<?xml version = '1.0' encoding = 'UTF-8'?>
<Relation class="oracle.dbtools.crest.model.design.logical.Relation" name="Adres-Instruktor" directorySegmentName="seg_0" id="65B3111A-6DE6-5F0E-206E-8547FC7B33D6">
<createdBy>Admin</createdBy>
<createdTime>2023-12-20 19:57:11 UTC</createdTime>
<ownerDesignName>projekt1</ownerDesignName>
<engineerTo>
<item key="7E527487-9E8F-AC51-3460-A08A8F645484" value="true"/>
</engineerTo>
<sourcePk>4242B172-5255-AB02-014C-9F2CC4A630D2</sourcePk>
<identifying>false</identifying>
<optionalSource>false</optionalSource>
<optionalTarget>false</optionalTarget>
<sourceCardinality>1</sourceCardinality>
<sourceEntity>81C40896-DEC0-863A-E9D2-21B9EBB1E82B</sourceEntity>
<targetCardinalityString>*</targetCardinalityString>
<targetEntity>07CB6646-E5E6-0DFE-C804-E951B7474E6F</targetEntity>
<transferable>true</transferable>
<deleteRule>NO ACTION</deleteRule>
</Relation>