<?xml version = '1.0' encoding = 'UTF-8'?>
<Relation class="oracle.dbtools.crest.model.design.logical.Relation" name="Zajecia-Grupa_zajeciowa" directorySegmentName="seg_0" id="690F4F90-A33C-E598-DF88-9CF24B1ED38D">
<createdBy>Admin</createdBy>
<createdTime>2023-12-20 19:57:11 UTC</createdTime>
<ownerDesignName>projekt1</ownerDesignName>
<engineerTo>
<item key="7E527487-9E8F-AC51-3460-A08A8F645484" value="true"/>
</engineerTo>
<sourcePk>A25F036D-6C52-8309-5BD5-26A655D4C579</sourcePk>
<identifying>false</identifying>
<optionalSource>true</optionalSource>
<optionalTarget>false</optionalTarget>
<sourceCardinality>1</sourceCardinality>
<sourceEntity>31AD666C-A111-3278-F054-F061082DD932</sourceEntity>
<targetCardinalityString>*</targetCardinalityString>
<targetEntity>F0BF763B-B519-CE98-3963-CFC10BBCBB84</targetEntity>
<transferable>true</transferable>
<deleteRule>NO ACTION</deleteRule>
</Relation>