<?xml version = '1.0' encoding = 'UTF-8'?>
<Relation class="oracle.dbtools.crest.model.design.logical.Relation" name="Klient-Zamówienia" directorySegmentName="seg_0" id="9B31A5A4-68F7-85F0-CA20-C691503D0556">
<createdBy>Admin</createdBy>
<createdTime>2023-12-20 19:57:11 UTC</createdTime>
<ownerDesignName>projekt1</ownerDesignName>
<engineerTo>
<item key="7E527487-9E8F-AC51-3460-A08A8F645484" value="true"/>
</engineerTo>
<sourcePk>8943D12B-FC27-AD25-225D-C37A1AF9EADD</sourcePk>
<identifying>false</identifying>
<optionalSource>true</optionalSource>
<optionalTarget>false</optionalTarget>
<sourceCardinality>1</sourceCardinality>
<sourceEntity>135148FD-0487-3812-9931-145627D21392</sourceEntity>
<targetCardinalityString>*</targetCardinalityString>
<targetEntity>C8DD6D90-B415-1C03-83C0-2FED3B02F2FD</targetEntity>
<transferable>true</transferable>
<deleteRule>NO ACTION</deleteRule>
</Relation>