<?xml version = '1.0' encoding = 'UTF-8'?>
<Relation class="oracle.dbtools.crest.model.design.logical.Relation" name="Grupa_zajeciowa-Sala" directorySegmentName="seg_0" id="CEF1502C-A758-1F1F-7223-422C00197F75">
<createdBy>Admin</createdBy>
<createdTime>2023-12-20 19:57:11 UTC</createdTime>
<ownerDesignName>projekt1</ownerDesignName>
<engineerTo>
<item key="7E527487-9E8F-AC51-3460-A08A8F645484" value="true"/>
</engineerTo>
<sourcePk>A2AEF7E7-47E0-1635-C942-700D4443EB97</sourcePk>
<targetPk>CB274D81-EC32-552F-7ED4-18CF4EB094F2</targetPk>
<identifying>false</identifying>
<optionalSource>false</optionalSource>
<optionalTarget>true</optionalTarget>
<sourceCardinality>*</sourceCardinality>
<sourceEntity>F0BF763B-B519-CE98-3963-CFC10BBCBB84</sourceEntity>
<targetCardinalityString>1</targetCardinalityString>
<targetEntity>BA7B02DE-8ECF-C609-2248-83516AD93077</targetEntity>
<transferable>true</transferable>
<deleteRule>NO ACTION</deleteRule>
</Relation>