<?xml version = '1.0' encoding = 'UTF-8'?>
<Relation class="oracle.dbtools.crest.model.design.logical.Relation" name="Karnet-Klient" directorySegmentName="seg_0" id="E4FF232E-BB5B-FD5B-0E88-CE6B581F2945">
<createdBy>Admin</createdBy>
<createdTime>2023-12-20 19:57:11 UTC</createdTime>
<ownerDesignName>projekt1</ownerDesignName>
<engineerTo>
<item key="7E527487-9E8F-AC51-3460-A08A8F645484" value="true"/>
</engineerTo>
<sourcePk>33E1AC3E-9479-9D4B-9536-55EFCA99E091</sourcePk>
<identifying>false</identifying>
<optionalSource>true</optionalSource>
<optionalTarget>true</optionalTarget>
<sourceCardinality>1</sourceCardinality>
<sourceEntity>11439315-F45E-9A0D-75AB-1BBC4C5DC85C</sourceEntity>
<targetCardinalityString>*</targetCardinalityString>
<targetEntity>135148FD-0487-3812-9931-145627D21392</targetEntity>
<transferable>true</transferable>
<deleteRule>NO ACTION</deleteRule>
</Relation>