<?xml version = '1.0' encoding = 'UTF-8'?>
<Relation class="oracle.dbtools.crest.model.design.logical.Relation" name="Klient-Rezerwacja" directorySegmentName="seg_0" id="F47B993C-7818-3E04-0FF0-4D9AF8559B49">
<createdBy>Admin</createdBy>
<createdTime>2023-12-20 19:59:34 UTC</createdTime>
<ownerDesignName>projekt1</ownerDesignName>
<engineerTo>
<item key="7E527487-9E8F-AC51-3460-A08A8F645484" value="true"/>
</engineerTo>
<sourcePk>8943D12B-FC27-AD25-225D-C37A1AF9EADD</sourcePk>
<identifying>true</identifying>
<optionalSource>true</optionalSource>
<optionalTarget>false</optionalTarget>
<sourceCardinality>1</sourceCardinality>
<sourceEntity>135148FD-0487-3812-9931-145627D21392</sourceEntity>
<targetCardinalityString>*</targetCardinalityString>
<targetEntity>D21B6A7B-232A-7069-FE7D-A1CB1D0934A6</targetEntity>
<transferable>true</transferable>
<deleteRule>NO ACTION</deleteRule>
</Relation>