<?xml version = '1.0' encoding = 'UTF-8'?>
<Diagram class="oracle.dbtools.crest.swingui.logical.DPVLogical" name="Logical" id="B8C7B20B-24B0-F915-C332-E61924749E80">
<createdBy>Admin</createdBy>
<modifiedBy>Admin</modifiedBy>
<createdTime>2023-12-20 19:54:43 UTC</createdTime>
<autoRoute>false</autoRoute>
<boxInbox>true</boxInbox>
<showLegend>false</showLegend>
<showLabels>false</showLabels>
<showRelAttributes>false</showRelAttributes>
<gridEnabled>false</gridEnabled>
<showGrid>false</showGrid>
<diagramColor>-1</diagramColor>
<display>false</display>
<notation>1</notation>
<objectViews>
<OView class="oracle.dbtools.crest.swingui.logical.TVEntity" oid="07CB6646-E5E6-0DFE-C804-E951B7474E6F" otype="Entity" vid="5DA87CEA-47C4-5DEF-DD2B-7CD4E56222D6">
<hideElementsInCurrentOnly>false</hideElementsInCurrentOnly>
<bounds x="216" y="6" width="170" height="146"/>
</OView>
<OView class="oracle.dbtools.crest.swingui.logical.TVEntity" oid="11439315-F45E-9A0D-75AB-1BBC4C5DC85C" otype="Entity" vid="D961F676-6DE0-CCBB-4F0B-4E3318FA96D8">
<hideElementsInCurrentOnly>false</hideElementsInCurrentOnly>
<bounds x="7" y="307" width="170" height="110"/>
</OView>
<OView class="oracle.dbtools.crest.swingui.logical.TVEntity" oid="135148FD-0487-3812-9931-145627D21392" otype="Entity" vid="9CEB5776-50DF-DB1D-FC06-FBCEA6216CE7">
<hideElementsInCurrentOnly>false</hideElementsInCurrentOnly>
<bounds x="224" y="172" width="170" height="147"/>
</OView>
<OView class="oracle.dbtools.crest.swingui.logical.TVEntity" oid="31AD666C-A111-3278-F054-F061082DD932" otype="Entity" vid="1EE472EE-F31F-3B4F-A185-1BB98F82CBB8">
<hideElementsInCurrentOnly>false</hideElementsInCurrentOnly>
<bounds x="750" y="368" width="170" height="110"/>
</OView>
<OView class="oracle.dbtools.crest.swingui.logical.TVEntity" oid="81C40896-DEC0-863A-E9D2-21B9EBB1E82B" otype="Entity" vid="74F43497-2E8B-A78A-A4CA-ECFCF157D288">
<hideElementsInCurrentOnly>false</hideElementsInCurrentOnly>
<bounds x="7" y="155" width="170" height="110"/>
</OView>
<OView class="oracle.dbtools.crest.swingui.logical.TVEntity" oid="8CF5EFC3-E625-FB8D-16DA-B895A167898B" otype="Entity" vid="29447BB7-9EC4-7AD1-2F93-4C320A9D95CD">
<hideElementsInCurrentOnly>false</hideElementsInCurrentOnly>
<bounds x="507" y="24" width="170" height="110"/>
</OView>
<OView class="oracle.dbtools.crest.swingui.logical.TVEntity" oid="BA7B02DE-8ECF-C609-2248-83516AD93077" otype="Entity" vid="503108A2-3993-590E-0C86-D7277E5EAA87">
<hideElementsInCurrentOnly>false</hideElementsInCurrentOnly>
<bounds x="505" y="363" width="170" height="110"/>
</OView>
<OView class="oracle.dbtools.crest.swingui.logical.TVEntity" oid="C8DD6D90-B415-1C03-83C0-2FED3B02F2FD" otype="Entity" vid="0E3665A0-3EE0-875A-7AE6-DE7A96B667C2">
<hideElementsInCurrentOnly>false</hideElementsInCurrentOnly>
<bounds x="233" y="389" width="170" height="110"/>
</OView>
<OView class="oracle.dbtools.crest.swingui.logical.TVEntity" oid="D21B6A7B-232A-7069-FE7D-A1CB1D0934A6" otype="Entity" vid="8737928C-2634-21D0-D24D-F308DD603D79">
<hideElementsInCurrentOnly>false</hideElementsInCurrentOnly>
<bounds x="442" y="193" width="170" height="110"/>
</OView>
<OView class="oracle.dbtools.crest.swingui.logical.TVEntity" oid="F0BF763B-B519-CE98-3963-CFC10BBCBB84" otype="Entity" vid="DDFC78A2-0340-CE1E-6BC9-367AD52BCFB5">
<hideElementsInCurrentOnly>false</hideElementsInCurrentOnly>
<bounds x="734" y="176" width="170" height="110"/>
</OView>
<OView class="oracle.dbtools.crest.swingui.logical.TVEntity" oid="F64F0D94-8D78-E0AD-0F0A-00487AC0A19F" otype="Entity" vid="EF46F708-FD91-510A-AA0E-1778A34E7629">
<hideElementsInCurrentOnly>false</hideElementsInCurrentOnly>
<bounds x="744" y="21" width="170" height="110"/>
</OView>
</objectViews>
<connectors>
<Connector class="oracle.dbtools.crest.swingui.logical.TVRelation" oid="08E464AE-6E5F-D297-E719-7B6D8C48689B" otype="Relation" vid_source="5DA87CEA-47C4-5DEF-DD2B-7CD4E56222D6" vid_target="DDFC78A2-0340-CE1E-6BC9-367AD52BCFB5">
<hideElementsInCurrentOnly>false</hideElementsInCurrentOnly>
<backgroundColor>-16777216</backgroundColor>
<lineWidth>1</lineWidth>
<points>
<point x="386" y="103"/>
<point x="734" y="206"/>
</points>
</Connector>
<Connector class="oracle.dbtools.crest.swingui.logical.TVRelation" oid="0C3C6652-BF89-285A-2FCD-A10FB45401BA" otype="Relation" vid_source="D961F676-6DE0-CCBB-4F0B-4E3318FA96D8" vid_target="0E3665A0-3EE0-875A-7AE6-DE7A96B667C2">
<hideElementsInCurrentOnly>false</hideElementsInCurrentOnly>
<backgroundColor>-16777216</backgroundColor>
<lineWidth>1</lineWidth>
<points>
<point x="177" y="403"/>
<point x="233" y="403"/>
</points>
</Connector>
<Connector class="oracle.dbtools.crest.swingui.logical.TVRelation" oid="26890195-1B70-ED72-B643-31611B8E0F81" otype="Relation" vid_source="EF46F708-FD91-510A-AA0E-1778A34E7629" vid_target="29447BB7-9EC4-7AD1-2F93-4C320A9D95CD">
<hideElementsInCurrentOnly>false</hideElementsInCurrentOnly>
<backgroundColor>-16777216</backgroundColor>
<lineWidth>1</lineWidth>
<points>
<point x="744" y="92"/>
<point x="677" y="92"/>
</points>
</Connector>
<Connector class="oracle.dbtools.crest.swingui.logical.TVRelation" oid="4054CB5C-24E5-F24E-3783-E5E3B60F0DCC" otype="Relation" vid_source="5DA87CEA-47C4-5DEF-DD2B-7CD4E56222D6" vid_target="29447BB7-9EC4-7AD1-2F93-4C320A9D95CD">
<hideElementsInCurrentOnly>false</hideElementsInCurrentOnly>
<backgroundColor>-16777216</backgroundColor>
<lineWidth>1</lineWidth>
<points>
<point x="386" y="94"/>
<point x="507" y="94"/>
</points>
</Connector>
<Connector class="oracle.dbtools.crest.swingui.logical.TVRelation" oid="462CDC82-A7CD-5E9A-B155-402161C07090" otype="Relation" vid_source="DDFC78A2-0340-CE1E-6BC9-367AD52BCFB5" vid_target="8737928C-2634-21D0-D24D-F308DD603D79">
<hideElementsInCurrentOnly>false</hideElementsInCurrentOnly>
<backgroundColor>-16777216</backgroundColor>
<lineWidth>1</lineWidth>
<points>
<point x="734" y="254"/>
<point x="612" y="254"/>
</points>
</Connector>
<Connector class="oracle.dbtools.crest.swingui.logical.TVRelation" oid="65B3111A-6DE6-5F0E-206E-8547FC7B33D6" otype="Relation" vid_source="74F43497-2E8B-A78A-A4CA-ECFCF157D288" vid_target="5DA87CEA-47C4-5DEF-DD2B-7CD4E56222D6">
<hideElementsInCurrentOnly>false</hideElementsInCurrentOnly>
<backgroundColor>-16777216</backgroundColor>
<lineWidth>1</lineWidth>
<points>
<point x="177" y="156"/>
<point x="216" y="132"/>
</points>
</Connector>
<Connector class="oracle.dbtools.crest.swingui.logical.TVRelation" oid="690F4F90-A33C-E598-DF88-9CF24B1ED38D" otype="Relation" vid_source="1EE472EE-F31F-3B4F-A185-1BB98F82CBB8" vid_target="DDFC78A2-0340-CE1E-6BC9-367AD52BCFB5">
<hideElementsInCurrentOnly>false</hideElementsInCurrentOnly>
<backgroundColor>-16777216</backgroundColor>
<lineWidth>1</lineWidth>
<points>
<point x="827" y="368"/>
<point x="827" y="286"/>
</points>
</Connector>
<Connector class="oracle.dbtools.crest.swingui.logical.TVRelation" oid="9B31A5A4-68F7-85F0-CA20-C691503D0556" otype="Relation" vid_source="9CEB5776-50DF-DB1D-FC06-FBCEA6216CE7" vid_target="0E3665A0-3EE0-875A-7AE6-DE7A96B667C2">
<hideElementsInCurrentOnly>false</hideElementsInCurrentOnly>
<backgroundColor>-16777216</backgroundColor>
<lineWidth>1</lineWidth>
<points>
<point x="313" y="319"/>
<point x="313" y="389"/>
</points>
</Connector>
<Connector class="oracle.dbtools.crest.swingui.logical.TVRelation" oid="C4C6CA6D-F15A-AABA-F053-D970C408B2F1" otype="Relation" vid_source="74F43497-2E8B-A78A-A4CA-ECFCF157D288" vid_target="9CEB5776-50DF-DB1D-FC06-FBCEA6216CE7">
<hideElementsInCurrentOnly>false</hideElementsInCurrentOnly>
<backgroundColor>-16777216</backgroundColor>
<lineWidth>1</lineWidth>
<points>
<point x="177" y="218"/>
<point x="224" y="218"/>
</points>
</Connector>
<Connector class="oracle.dbtools.crest.swingui.logical.TVRelation" oid="CEF1502C-A758-1F1F-7223-422C00197F75" otype="Relation" vid_source="DDFC78A2-0340-CE1E-6BC9-367AD52BCFB5" vid_target="503108A2-3993-590E-0C86-D7277E5EAA87">
<hideElementsInCurrentOnly>false</hideElementsInCurrentOnly>
<backgroundColor>-16777216</backgroundColor>
<lineWidth>1</lineWidth>
<points>
<point x="751" y="286"/>
<point x="657" y="363"/>
</points>
</Connector>
<Connector class="oracle.dbtools.crest.swingui.logical.TVRelation" oid="E4FF232E-BB5B-FD5B-0E88-CE6B581F2945" otype="Relation" vid_source="D961F676-6DE0-CCBB-4F0B-4E3318FA96D8" vid_target="9CEB5776-50DF-DB1D-FC06-FBCEA6216CE7">
<hideElementsInCurrentOnly>false</hideElementsInCurrentOnly>
<backgroundColor>-16777216</backgroundColor>
<lineWidth>1</lineWidth>
<points>
<point x="177" y="313"/>
<point x="224" y="313"/>
</points>
</Connector>
<Connector class="oracle.dbtools.crest.swingui.logical.TVRelation" oid="F47B993C-7818-3E04-0FF0-4D9AF8559B49" otype="Relation" vid_source="9CEB5776-50DF-DB1D-FC06-FBCEA6216CE7" vid_target="8737928C-2634-21D0-D24D-F308DD603D79">
<hideElementsInCurrentOnly>false</hideElementsInCurrentOnly>
<backgroundColor>-16777216</backgroundColor>
<lineWidth>1</lineWidth>
<points>
<point x="394" y="263"/>
<point x="442" y="263"/>
</points>
</Connector>
</connectors>
</Diagram>