<?xml version = '1.0' encoding = 'UTF-8'?>
<Diagram class="oracle.dbtools.crest.swingui.relational.DPVRelational" name="Relational_1" id="248C7DD0-829C-FDF0-79F1-E95D3AA2D317">
<createdBy>Admin</createdBy>
<modifiedBy>Admin</modifiedBy>
<createdTime>2024-01-08 23:02:55 UTC</createdTime>
<autoRoute>false</autoRoute>
<boxInbox>true</boxInbox>
<showLegend>false</showLegend>
<showLabels>false</showLabels>
<showRelAttributes>false</showRelAttributes>
<gridEnabled>false</gridEnabled>
<showGrid>false</showGrid>
<diagramColor>-1</diagramColor>
<display>false</display>
<notation>1</notation>
<objectViews>
<OView class="oracle.dbtools.crest.swingui.relational.TVTable" oid="067D1C6D-8A0F-D259-856B-979FE16CA29A" otype="Table" vid="55A20F91-3FE0-568A-72A7-94FBFEF3AFDB">
<hideElementsInCurrentOnly>false</hideElementsInCurrentOnly>
<bounds x="1003" y="28" width="208" height="59"/>
</OView>
<OView class="oracle.dbtools.crest.swingui.relational.TVTable" oid="23A10BCA-3D3F-A027-D42D-E8C9BC015EDF" otype="Table" vid="178C0972-7EF5-AF1D-FEF5-6FD98D089EDD">
<hideElementsInCurrentOnly>false</hideElementsInCurrentOnly>
<bounds x="16" y="37" width="244" height="137"/>
</OView>
<OView class="oracle.dbtools.crest.swingui.relational.TVTable" oid="67C180EA-9741-9A44-5C38-E820403A8DA7" otype="Table" vid="2C9F61BD-E0CD-590C-D4B4-FA67188ED593">
<hideElementsInCurrentOnly>false</hideElementsInCurrentOnly>
<bounds x="126" y="228" width="245" height="179"/>
</OView>
<OView class="oracle.dbtools.crest.swingui.relational.TVTable" oid="6DE98E70-192A-1961-D26E-158C3CDBB1C4" otype="Table" vid="F887BC23-6817-42AE-9686-900E61C76914">
<hideElementsInCurrentOnly>false</hideElementsInCurrentOnly>
<bounds x="325" y="9" width="255" height="163"/>
</OView>
<OView class="oracle.dbtools.crest.swingui.relational.TVTable" oid="7A88DD11-7DAE-DCEC-C34C-4F16F6A4DCAB" otype="Table" vid="48AC23A2-2F7A-F7ED-A249-D37C4CB49742">
<hideElementsInCurrentOnly>false</hideElementsInCurrentOnly>
<bounds x="716" y="529" width="241" height="103"/>
</OView>
<OView class="oracle.dbtools.crest.swingui.relational.TVTable" oid="7D823684-05A3-D9FE-43B8-D9F6B7E46BFC" otype="Table" vid="30188B72-6FCF-F440-65B9-C260762F8138">
<hideElementsInCurrentOnly>false</hideElementsInCurrentOnly>
<bounds x="540" y="195" width="314" height="140"/>
</OView>
<OView class="oracle.dbtools.crest.swingui.relational.TVTable" oid="AE3F84D4-40D6-AAEB-B1A2-9E3CD46F9708" otype="Table" vid="F2B9131F-9AFC-614A-2709-1AB5BAA62902">
<hideElementsInCurrentOnly>false</hideElementsInCurrentOnly>
<bounds x="13" y="469" width="300" height="114"/>
</OView>
<OView class="oracle.dbtools.crest.swingui.relational.TVTable" oid="AF750B6F-67D7-EF19-B289-76A504206FB8" otype="Table" vid="F48B860F-6164-294F-6163-1A0C2DA4FE41">
<hideElementsInCurrentOnly>false</hideElementsInCurrentOnly>
<bounds x="640" y="14" width="297" height="134"/>
</OView>
<OView class="oracle.dbtools.crest.swingui.relational.TVTable" oid="C4722265-4582-9C51-4562-635160CC454D" otype="Table" vid="AB3849AB-4F49-C47D-592C-534EF147C1C4">
<hideElementsInCurrentOnly>false</hideElementsInCurrentOnly>
<bounds x="455" y="392" width="239" height="141"/>
</OView>
<OView class="oracle.dbtools.crest.swingui.relational.TVTable" oid="DEA85602-02C9-8FB9-8ED1-CCC26AD90D68" otype="Table" vid="50AA7FF9-B8E2-2347-5B4D-4FE259A7D8F4">
<hideElementsInCurrentOnly>false</hideElementsInCurrentOnly>
<bounds x="895" y="159" width="319" height="211"/>
</OView>
<OView class="oracle.dbtools.crest.swingui.relational.TVTable" oid="F8D6AB58-2E73-C94F-4538-78CDE0AB1FAE" otype="Table" vid="890E2F71-291F-5027-A1C6-82EA91FB0B90">
<hideElementsInCurrentOnly>false</hideElementsInCurrentOnly>
<bounds x="984" y="525" width="242" height="93"/>
</OView>
</objectViews>
<connectors>
<Connector class="oracle.dbtools.crest.swingui.relational.TVFKRelation" oid="398955A1-4153-74DD-7219-B714BC76D0CB" otype="FKIndexAssociation" vid_source="F887BC23-6817-42AE-9686-900E61C76914" vid_target="50AA7FF9-B8E2-2347-5B4D-4FE259A7D8F4">
<hideElementsInCurrentOnly>false</hideElementsInCurrentOnly>
<backgroundColor>-16777216</backgroundColor>
<lineWidth>1</lineWidth>
<points>
<point x="580" y="165"/>
<point x="895" y="165"/>
</points>
</Connector>
<Connector class="oracle.dbtools.crest.swingui.relational.TVFKRelation" oid="6D2BF9EA-C386-2BA5-26B9-F5A368310D77" otype="FKIndexAssociation" vid_source="F2B9131F-9AFC-614A-2709-1AB5BAA62902" vid_target="AB3849AB-4F49-C47D-592C-534EF147C1C4">
<hideElementsInCurrentOnly>false</hideElementsInCurrentOnly>
<backgroundColor>-16777216</backgroundColor>
<lineWidth>1</lineWidth>
<points>
<point x="313" y="501"/>
<point x="455" y="501"/>
</points>
</Connector>
<Connector class="oracle.dbtools.crest.swingui.relational.TVFKRelation" oid="75E26CFD-B1AA-79BA-F915-B7DED0907B76" otype="FKIndexAssociation" vid_source="F2B9131F-9AFC-614A-2709-1AB5BAA62902" vid_target="2C9F61BD-E0CD-590C-D4B4-FA67188ED593">
<hideElementsInCurrentOnly>false</hideElementsInCurrentOnly>
<backgroundColor>-16777216</backgroundColor>
<lineWidth>1</lineWidth>
<points>
<point x="219" y="469"/>
<point x="219" y="407"/>
</points>
</Connector>
<Connector class="oracle.dbtools.crest.swingui.relational.TVFKRelation" oid="8328DC00-C1A4-5951-60DB-A516BC719BAA" otype="FKIndexAssociation" vid_source="55A20F91-3FE0-568A-72A7-94FBFEF3AFDB" vid_target="F48B860F-6164-294F-6163-1A0C2DA4FE41">
<hideElementsInCurrentOnly>false</hideElementsInCurrentOnly>
<backgroundColor>-16777216</backgroundColor>
<lineWidth>1</lineWidth>
<points>
<point x="1003" y="57"/>
<point x="937" y="57"/>
</points>
</Connector>
<Connector class="oracle.dbtools.crest.swingui.relational.TVFKRelation" oid="840D243F-1480-F408-D7D3-4C78D0335EE1" otype="FKIndexAssociation" vid_source="2C9F61BD-E0CD-590C-D4B4-FA67188ED593" vid_target="30188B72-6FCF-F440-65B9-C260762F8138">
<hideElementsInCurrentOnly>false</hideElementsInCurrentOnly>
<backgroundColor>-16777216</backgroundColor>
<lineWidth>1</lineWidth>
<points>
<point x="371" y="281"/>
<point x="540" y="281"/>
</points>
</Connector>
<Connector class="oracle.dbtools.crest.swingui.relational.TVFKRelation" oid="9C02031D-23A2-1C51-F784-73F204C656F5" otype="FKIndexAssociation" vid_source="178C0972-7EF5-AF1D-FEF5-6FD98D089EDD" vid_target="F887BC23-6817-42AE-9686-900E61C76914">
<hideElementsInCurrentOnly>false</hideElementsInCurrentOnly>
<backgroundColor>-16777216</backgroundColor>
<lineWidth>1</lineWidth>
<points>
<point x="260" y="104"/>
<point x="325" y="104"/>
</points>
</Connector>
<Connector class="oracle.dbtools.crest.swingui.relational.TVFKRelation" oid="9F0C0F8F-7312-2F88-AD2D-50D116250C28" otype="FKIndexAssociation" vid_source="50AA7FF9-B8E2-2347-5B4D-4FE259A7D8F4" vid_target="30188B72-6FCF-F440-65B9-C260762F8138">
<hideElementsInCurrentOnly>false</hideElementsInCurrentOnly>
<backgroundColor>-16777216</backgroundColor>
<lineWidth>1</lineWidth>
<points>
<point x="895" y="265"/>
<point x="854" y="265"/>
</points>
</Connector>
<Connector class="oracle.dbtools.crest.swingui.relational.TVFKRelation" oid="A4997B29-44E6-BC37-46A7-37F2D962334F" otype="FKIndexAssociation" vid_source="890E2F71-291F-5027-A1C6-82EA91FB0B90" vid_target="50AA7FF9-B8E2-2347-5B4D-4FE259A7D8F4">
<hideElementsInCurrentOnly>false</hideElementsInCurrentOnly>
<backgroundColor>-16777216</backgroundColor>
<lineWidth>1</lineWidth>
<points>
<point x="1099" y="525"/>
<point x="1099" y="370"/>
</points>
</Connector>
<Connector class="oracle.dbtools.crest.swingui.relational.TVFKRelation" oid="A841021E-4CE5-683E-5C42-2EBA1BF3BA4C" otype="FKIndexAssociation" vid_source="178C0972-7EF5-AF1D-FEF5-6FD98D089EDD" vid_target="2C9F61BD-E0CD-590C-D4B4-FA67188ED593">
<hideElementsInCurrentOnly>false</hideElementsInCurrentOnly>
<backgroundColor>-16777216</backgroundColor>
<lineWidth>1</lineWidth>
<points>
<point x="193" y="174"/>
<point x="193" y="228"/>
</points>
</Connector>
<Connector class="oracle.dbtools.crest.swingui.relational.TVFKRelation" oid="A892C78F-9630-0063-AD41-03B842154FC6" otype="FKIndexAssociation" vid_source="48AC23A2-2F7A-F7ED-A249-D37C4CB49742" vid_target="50AA7FF9-B8E2-2347-5B4D-4FE259A7D8F4">
<hideElementsInCurrentOnly>false</hideElementsInCurrentOnly>
<backgroundColor>-16777216</backgroundColor>
<lineWidth>1</lineWidth>
<points>
<point x="926" y="529"/>
<point x="926" y="370"/>
</points>
</Connector>
<Connector class="oracle.dbtools.crest.swingui.relational.TVFKRelation" oid="D79037E3-646C-E37E-22A7-7B52B63CD850" otype="FKIndexAssociation" vid_source="2C9F61BD-E0CD-590C-D4B4-FA67188ED593" vid_target="AB3849AB-4F49-C47D-592C-534EF147C1C4">
<hideElementsInCurrentOnly>false</hideElementsInCurrentOnly>
<backgroundColor>-16777216</backgroundColor>
<lineWidth>1</lineWidth>
<points>
<point x="371" y="399"/>
<point x="455" y="399"/>
</points>
</Connector>
<Connector class="oracle.dbtools.crest.swingui.relational.TVFKRelation" oid="F86F0D40-E42E-A967-79F2-EC372D3E2644" otype="FKIndexAssociation" vid_source="F887BC23-6817-42AE-9686-900E61C76914" vid_target="F48B860F-6164-294F-6163-1A0C2DA4FE41">
<hideElementsInCurrentOnly>false</hideElementsInCurrentOnly>
<backgroundColor>-16777216</backgroundColor>
<lineWidth>1</lineWidth>
<points>
<point x="580" y="81"/>
<point x="640" y="81"/>
</points>
</Connector>
</connectors>
</Diagram>