<?xml version = '1.0' encoding = 'UTF-8'?>
<Entity class="oracle.dbtools.crest.model.design.logical.Entity" directorySegmentName="seg_0" id="11439315-F45E-9A0D-75AB-1BBC4C5DC85C" name="Karnet">
<createdBy>Admin</createdBy>
<createdTime>2023-12-20 19:57:11 UTC</createdTime>
<ownerDesignName>projekt1</ownerDesignName>
<engineerTo>
<item key="7E527487-9E8F-AC51-3460-A08A8F645484" value="true"/>
</engineerTo>
<adequatelyNormalized>NO</adequatelyNormalized>
<expectedVolumes>0</expectedVolumes>
<fwdEngineeringStrategyName>Single Table</fwdEngineeringStrategyName>
<growthPercent>0</growthPercent>
<growthType>Year</growthType>
<maxVolumes>9999999</maxVolumes>
<minVolumes>0</minVolumes>
<normalForm>Third</normalForm>
<attributes itemClass="oracle.dbtools.crest.model.design.logical.Attribute">
<Attribute name="ID_Karnetu" id="09D906D4-EAE2-84F8-9CCC-157A46E8F7EF">
<createdBy>Admin</createdBy>
<createdTime>2023-12-20 19:57:11 UTC</createdTime>
<ownerDesignName>projekt1</ownerDesignName>
<importedID>25A8D025-4441-CB45-BFEB-34BE344966FD</importedID>
<engineerTo>
<item key="7E527487-9E8F-AC51-3460-A08A8F645484" value="true"/>
</engineerTo>
<useDomainConstraints>false</useDomainConstraints>
<use>1</use>
<logicalDatatype>LOGDT011</logicalDatatype>
<ownDataTypeParameters>,,</ownDataTypeParameters>
</Attribute>
<Attribute name="Rodzaj" id="B2BF96FB-2DC6-41D5-9A28-3578902C50B9">
<createdBy>Admin</createdBy>
<createdTime>2023-12-20 19:57:11 UTC</createdTime>
<ownerDesignName>projekt1</ownerDesignName>
<importedID>9513F708-1A4C-EAC2-4E58-1AF11EC562DF</importedID>
<engineerTo>
<item key="7E527487-9E8F-AC51-3460-A08A8F645484" value="true"/>
</engineerTo>
<nullsAllowed>true</nullsAllowed>
<useDomainConstraints>false</useDomainConstraints>
<use>1</use>
<logicalDatatype>LOGDT024</logicalDatatype>
<dataTypeSize>30 CHAR</dataTypeSize>
<ownDataTypeParameters>30 CHAR,,</ownDataTypeParameters>
</Attribute>
<Attribute name="Cena" id="B805088D-4636-C186-16DB-90EB98ACD9CE">
<createdBy>Admin</createdBy>
<createdTime>2023-12-20 19:57:11 UTC</createdTime>
<ownerDesignName>projekt1</ownerDesignName>
<importedID>0B189471-54C6-9F42-DCC6-341205A4BDEC</importedID>
<engineerTo>
<item key="7E527487-9E8F-AC51-3460-A08A8F645484" value="true"/>
</engineerTo>
<nullsAllowed>true</nullsAllowed>
<useDomainConstraints>false</useDomainConstraints>
<use>1</use>
<logicalDatatype>LOGDT021</logicalDatatype>
<dataTypePrecision>2</dataTypePrecision>
<ownDataTypeParameters>,2,</ownDataTypeParameters>
</Attribute>
<Attribute name="Czas_aktywności_w_mies" id="225E34A8-B3EF-AC95-241D-2C2EE04BFB5E">
<createdBy>Admin</createdBy>
<createdTime>2023-12-20 19:57:11 UTC</createdTime>
<ownerDesignName>projekt1</ownerDesignName>
<importedID>C5A28183-0BEF-F7D3-AEC5-DF79DDCE7E2A</importedID>
<engineerTo>
<item key="7E527487-9E8F-AC51-3460-A08A8F645484" value="true"/>
</engineerTo>
<nullsAllowed>true</nullsAllowed>
<useDomainConstraints>false</useDomainConstraints>
<use>1</use>
<logicalDatatype>LOGDT011</logicalDatatype>
<ownDataTypeParameters>,,</ownDataTypeParameters>
</Attribute>
</attributes>
<identifiers itemClass="oracle.dbtools.crest.model.design.logical.CandidateKey">
<identifier id="33E1AC3E-9479-9D4B-9536-55EFCA99E091" name="Karnet PK">
<createdBy>Admin</createdBy>
<createdTime>2023-12-20 19:57:11 UTC</createdTime>
<ownerDesignName>projekt1</ownerDesignName>
<engineerTo>
<item key="7E527487-9E8F-AC51-3460-A08A8F645484" value="true"/>
</engineerTo>
<pk>true</pk>
<usedAttributes>
<attributeRef>09D906D4-EAE2-84F8-9CCC-157A46E8F7EF</attributeRef>
</usedAttributes>
</identifier>
</identifiers>
</Entity>