<?xml version = '1.0' encoding = 'UTF-8'?>
<Entity class="oracle.dbtools.crest.model.design.logical.Entity" directorySegmentName="seg_0" id="135148FD-0487-3812-9931-145627D21392" name="Klient">
<createdBy>Admin</createdBy>
<createdTime>2023-12-20 19:57:11 UTC</createdTime>
<ownerDesignName>projekt1</ownerDesignName>
<engineerTo>
<item key="7E527487-9E8F-AC51-3460-A08A8F645484" value="true"/>
</engineerTo>
<adequatelyNormalized>NO</adequatelyNormalized>
<expectedVolumes>0</expectedVolumes>
<fwdEngineeringStrategyName>Single Table</fwdEngineeringStrategyName>
<growthPercent>0</growthPercent>
<growthType>Year</growthType>
<maxVolumes>9999999</maxVolumes>
<minVolumes>0</minVolumes>
<normalForm>Third</normalForm>
<attributes itemClass="oracle.dbtools.crest.model.design.logical.Attribute">
<Attribute name="ID_Klienta" id="E06FBE6C-E005-4A70-2AAD-0856CCBB37AF">
<createdBy>Admin</createdBy>
<createdTime>2023-12-20 19:57:11 UTC</createdTime>
<ownerDesignName>projekt1</ownerDesignName>
<importedID>30A732EA-4F01-9F73-1F7B-A91AB1132EBC</importedID>
<engineerTo>
<item key="7E527487-9E8F-AC51-3460-A08A8F645484" value="true"/>
</engineerTo>
<useDomainConstraints>false</useDomainConstraints>
<use>1</use>
<logicalDatatype>LOGDT011</logicalDatatype>
<ownDataTypeParameters>,,</ownDataTypeParameters>
</Attribute>
<Attribute name="Imię" id="B6FDDE90-AC17-DE63-4CA2-8581895921D8">
<createdBy>Admin</createdBy>
<createdTime>2023-12-20 19:57:11 UTC</createdTime>
<ownerDesignName>projekt1</ownerDesignName>
<importedID>8A3DBB18-1271-E27A-4EF6-7B11833767CA</importedID>
<engineerTo>
<item key="7E527487-9E8F-AC51-3460-A08A8F645484" value="true"/>
</engineerTo>
<nullsAllowed>true</nullsAllowed>
<useDomainConstraints>false</useDomainConstraints>
<use>1</use>
<logicalDatatype>LOGDT024</logicalDatatype>
<dataTypeSize>30 CHAR</dataTypeSize>
<ownDataTypeParameters>30 CHAR,,</ownDataTypeParameters>
</Attribute>
<Attribute name="Nazwisko" id="8812AA27-D747-59CE-590C-E38BEB2E5B2C">
<createdBy>Admin</createdBy>
<createdTime>2023-12-20 19:57:11 UTC</createdTime>
<ownerDesignName>projekt1</ownerDesignName>
<importedID>CE917321-7C1D-497B-5F42-12EC7B88207E</importedID>
<engineerTo>
<item key="7E527487-9E8F-AC51-3460-A08A8F645484" value="true"/>
</engineerTo>
<nullsAllowed>true</nullsAllowed>
<useDomainConstraints>false</useDomainConstraints>
<use>1</use>
<logicalDatatype>LOGDT024</logicalDatatype>
<dataTypeSize>60 CHAR</dataTypeSize>
<ownDataTypeParameters>60 CHAR,,</ownDataTypeParameters>
</Attribute>
<Attribute name="Płeć" id="676914A3-C308-E4DD-B8E0-6F6B0C5A1CDA">
<createdBy>Admin</createdBy>
<createdTime>2023-12-20 19:57:11 UTC</createdTime>
<ownerDesignName>projekt1</ownerDesignName>
<importedID>38927C82-3596-DAED-1E0E-41A5C2DB55FE</importedID>
<engineerTo>
<item key="7E527487-9E8F-AC51-3460-A08A8F645484" value="true"/>
</engineerTo>
<nullsAllowed>true</nullsAllowed>
<useDomainConstraints>false</useDomainConstraints>
<use>1</use>
<logicalDatatype>LOGDT024</logicalDatatype>
<dataTypeSize>10 CHAR</dataTypeSize>
<ownDataTypeParameters>10 CHAR,,</ownDataTypeParameters>
</Attribute>
<Attribute name="Data_urodzenia" id="853DB0CE-7F1C-CAF7-764F-115E7AB66110">
<createdBy>Admin</createdBy>
<createdTime>2023-12-20 19:57:11 UTC</createdTime>
<ownerDesignName>projekt1</ownerDesignName>
<importedID>4F5E6469-FB8D-57AB-AF69-6F2FF704D718</importedID>
<engineerTo>
<item key="7E527487-9E8F-AC51-3460-A08A8F645484" value="true"/>
</engineerTo>
<nullsAllowed>true</nullsAllowed>
<useDomainConstraints>false</useDomainConstraints>
<use>1</use>
<logicalDatatype>LOGDT007</logicalDatatype>
<ownDataTypeParameters>,,</ownDataTypeParameters>
</Attribute>
<Attribute name="Data_dołączenia" id="EA3189DB-1827-BE62-5C46-B9F997FF5F99">
<createdBy>Admin</createdBy>
<createdTime>2023-12-20 19:57:11 UTC</createdTime>
<ownerDesignName>projekt1</ownerDesignName>
<importedID>98067CD0-05F4-F55B-07C8-3BD0002DDFC7</importedID>
<engineerTo>
<item key="7E527487-9E8F-AC51-3460-A08A8F645484" value="true"/>
</engineerTo>
<nullsAllowed>true</nullsAllowed>
<useDomainConstraints>false</useDomainConstraints>
<use>1</use>
<logicalDatatype>LOGDT007</logicalDatatype>
<ownDataTypeParameters>,,</ownDataTypeParameters>
</Attribute>
<Attribute name="ID_Adresu" id="00149A5C-8F33-CCB7-B4FE-45770D2CD891">
<createdBy>Admin</createdBy>
<createdTime>2023-12-20 19:57:11 UTC</createdTime>
<generatorID>C4C6CA6D-F15A-AABA-F053-D970C408B2F1</generatorID>
<ownerDesignName>projekt1</ownerDesignName>
<importedID>16CE22A3-3BE9-1438-9968-A42BA9A52D2B</importedID>
<engineerTo>
<item key="7E527487-9E8F-AC51-3460-A08A8F645484" value="true"/>
</engineerTo>
<referedAttribute>709CDD15-EA39-0B62-AF1D-3B111A05D721</referedAttribute>
<useDomainConstraints>false</useDomainConstraints>
<use>1</use>
<logicalDatatype>LOGDT011</logicalDatatype>
<ownDataTypeParameters>,,</ownDataTypeParameters>
</Attribute>
<Attribute name="ID_Karnetu" id="86CA7BD7-82E2-E8EC-CCCD-1CB4B6AEDC5D">
<createdBy>Admin</createdBy>
<createdTime>2023-12-20 19:57:11 UTC</createdTime>
<generatorID>E4FF232E-BB5B-FD5B-0E88-CE6B581F2945</generatorID>
<ownerDesignName>projekt1</ownerDesignName>
<importedID>A3E77F21-408E-8FAF-E38E-C9518DBE81C7</importedID>
<engineerTo>
<item key="7E527487-9E8F-AC51-3460-A08A8F645484" value="true"/>
</engineerTo>
<nullsAllowed>true</nullsAllowed>
<referedAttribute>09D906D4-EAE2-84F8-9CCC-157A46E8F7EF</referedAttribute>
<useDomainConstraints>false</useDomainConstraints>
<use>1</use>
<logicalDatatype>LOGDT011</logicalDatatype>
<ownDataTypeParameters>,,</ownDataTypeParameters>
</Attribute>
</attributes>
<identifiers itemClass="oracle.dbtools.crest.model.design.logical.CandidateKey">
<identifier id="8943D12B-FC27-AD25-225D-C37A1AF9EADD" name="Klient PK">
<createdBy>Admin</createdBy>
<createdTime>2023-12-20 19:57:11 UTC</createdTime>
<ownerDesignName>projekt1</ownerDesignName>
<engineerTo>
<item key="7E527487-9E8F-AC51-3460-A08A8F645484" value="true"/>
</engineerTo>
<pk>true</pk>
<usedAttributes>
<attributeRef>E06FBE6C-E005-4A70-2AAD-0856CCBB37AF</attributeRef>
</usedAttributes>
</identifier>
</identifiers>
</Entity>