<?xml version = '1.0' encoding = 'UTF-8'?>
<Entity class="oracle.dbtools.crest.model.design.logical.Entity" directorySegmentName="seg_0" id="8CF5EFC3-E625-FB8D-16DA-B895A167898B" name="Certyfikat">
<createdBy>Admin</createdBy>
<createdTime>2023-12-20 19:57:11 UTC</createdTime>
<ownerDesignName>projekt1</ownerDesignName>
<engineerTo>
<item key="7E527487-9E8F-AC51-3460-A08A8F645484" value="true"/>
</engineerTo>
<adequatelyNormalized>NO</adequatelyNormalized>
<expectedVolumes>0</expectedVolumes>
<fwdEngineeringStrategyName>Single Table</fwdEngineeringStrategyName>
<growthPercent>0</growthPercent>
<growthType>Year</growthType>
<maxVolumes>9999999</maxVolumes>
<minVolumes>0</minVolumes>
<normalForm>Third</normalForm>
<attributes itemClass="oracle.dbtools.crest.model.design.logical.Attribute">
<Attribute name="Nr_certyfikatu" id="308B2F24-DA1C-121A-DCC0-ADAA8693DAD3">
<createdBy>Admin</createdBy>
<createdTime>2023-12-20 19:57:11 UTC</createdTime>
<ownerDesignName>projekt1</ownerDesignName>
<importedID>02A6BF32-AD23-C46E-E94E-BD8864330770</importedID>
<engineerTo>
<item key="7E527487-9E8F-AC51-3460-A08A8F645484" value="true"/>
</engineerTo>
<nullsAllowed>true</nullsAllowed>
<useDomainConstraints>false</useDomainConstraints>
<use>1</use>
<logicalDatatype>LOGDT011</logicalDatatype>
<ownDataTypeParameters>,,</ownDataTypeParameters>
</Attribute>
<Attribute name="Data_uzyskania" id="44A3517B-B03D-9D81-E313-C85D9C8F16FE">
<createdBy>Admin</createdBy>
<createdTime>2023-12-20 19:57:11 UTC</createdTime>
<ownerDesignName>projekt1</ownerDesignName>
<importedID>D04456BF-F78F-F5DC-083D-BCC63F0BE361</importedID>
<engineerTo>
<item key="7E527487-9E8F-AC51-3460-A08A8F645484" value="true"/>
</engineerTo>
<nullsAllowed>true</nullsAllowed>
<useDomainConstraints>false</useDomainConstraints>
<use>1</use>
<logicalDatatype>LOGDT007</logicalDatatype>
<ownDataTypeParameters>,,</ownDataTypeParameters>
</Attribute>
<Attribute name="ID_Instruktora" id="4CAB68FA-272A-A7E3-B507-C7E7B17F1B79">
<createdBy>Admin</createdBy>
<createdTime>2023-12-20 19:57:45 UTC</createdTime>
<generatorID>4054CB5C-24E5-F24E-3783-E5E3B60F0DCC</generatorID>
<ownerDesignName>projekt1</ownerDesignName>
<engineerTo>
<item key="7E527487-9E8F-AC51-3460-A08A8F645484" value="true"/>
</engineerTo>
<referedAttribute>C3FEC0F2-6FAB-1F9B-14F9-314F069DD3E4</referedAttribute>
<useDomainConstraints>false</useDomainConstraints>
<use>1</use>
<logicalDatatype>LOGDT011</logicalDatatype>
<ownDataTypeParameters>,,</ownDataTypeParameters>
</Attribute>
<Attribute name="ID_Specjalizacji" id="3F22012A-BCFE-8B72-5818-0940DDACB9D1">
<createdBy>Admin</createdBy>
<createdTime>2023-12-20 19:58:30 UTC</createdTime>
<generatorID>26890195-1B70-ED72-B643-31611B8E0F81</generatorID>
<ownerDesignName>projekt1</ownerDesignName>
<engineerTo>
<item key="7E527487-9E8F-AC51-3460-A08A8F645484" value="true"/>
</engineerTo>
<referedAttribute>BAC44163-E48A-F05E-A58D-955DB4012E49</referedAttribute>
<useDomainConstraints>false</useDomainConstraints>
<use>1</use>
<logicalDatatype>LOGDT011</logicalDatatype>
<ownDataTypeParameters>,,</ownDataTypeParameters>
</Attribute>
</attributes>
<identifiers itemClass="oracle.dbtools.crest.model.design.logical.CandidateKey">
<identifier id="79B8112E-9F47-3A78-6283-560C6AA43A60" name="Certyfikat PK">
<createdBy>Admin</createdBy>
<createdTime>2023-12-20 19:57:45 UTC</createdTime>
<ownerDesignName>projekt1</ownerDesignName>
<engineerTo>
<item key="7E527487-9E8F-AC51-3460-A08A8F645484" value="true"/>
</engineerTo>
<pk>true</pk>
<usedAttributes>
<attributeRef>4CAB68FA-272A-A7E3-B507-C7E7B17F1B79</attributeRef>
<attributeRef>3F22012A-BCFE-8B72-5818-0940DDACB9D1</attributeRef>
</usedAttributes>
</identifier>
</identifiers>
</Entity>