<?xml version = '1.0' encoding = 'UTF-8'?>
<Entity class="oracle.dbtools.crest.model.design.logical.Entity" directorySegmentName="seg_0" id="C8DD6D90-B415-1C03-83C0-2FED3B02F2FD" name="Zamówienia">
<createdBy>Admin</createdBy>
<createdTime>2023-12-20 19:57:11 UTC</createdTime>
<ownerDesignName>projekt1</ownerDesignName>
<engineerTo>
<item key="7E527487-9E8F-AC51-3460-A08A8F645484" value="true"/>
</engineerTo>
<adequatelyNormalized>NO</adequatelyNormalized>
<expectedVolumes>0</expectedVolumes>
<fwdEngineeringStrategyName>Single Table</fwdEngineeringStrategyName>
<growthPercent>0</growthPercent>
<growthType>Year</growthType>
<maxVolumes>9999999</maxVolumes>
<minVolumes>0</minVolumes>
<normalForm>Third</normalForm>
<attributes itemClass="oracle.dbtools.crest.model.design.logical.Attribute">
<Attribute name="ID_Zamówienia" id="8AF0EA2E-DB2C-B335-54EE-BB68AC4C49CC">
<createdBy>Admin</createdBy>
<createdTime>2023-12-20 19:57:11 UTC</createdTime>
<ownerDesignName>projekt1</ownerDesignName>
<importedID>DFD37A2F-73F7-316E-8B7D-0742B2EBF460</importedID>
<engineerTo>
<item key="7E527487-9E8F-AC51-3460-A08A8F645484" value="true"/>
</engineerTo>
<useDomainConstraints>false</useDomainConstraints>
<use>1</use>
<logicalDatatype>LOGDT011</logicalDatatype>
<ownDataTypeParameters>,,</ownDataTypeParameters>
</Attribute>
<Attribute name="Data_zamowienia" id="2DE19896-A1C6-1C3D-BFF2-BFD49C55A56B">
<createdBy>Admin</createdBy>
<createdTime>2023-12-20 19:57:11 UTC</createdTime>
<ownerDesignName>projekt1</ownerDesignName>
<importedID>D7EDF320-68C2-12E0-326C-9D39AA6CE0F0</importedID>
<engineerTo>
<item key="7E527487-9E8F-AC51-3460-A08A8F645484" value="true"/>
</engineerTo>
<nullsAllowed>true</nullsAllowed>
<useDomainConstraints>false</useDomainConstraints>
<use>1</use>
<logicalDatatype>LOGDT007</logicalDatatype>
<ownDataTypeParameters>,,</ownDataTypeParameters>
</Attribute>
<Attribute name="ID_Karnetu" id="52650946-CD47-7304-A1DD-92D4B3BF7A44">
<createdBy>Admin</createdBy>
<createdTime>2023-12-20 19:57:11 UTC</createdTime>
<generatorID>0C3C6652-BF89-285A-2FCD-A10FB45401BA</generatorID>
<ownerDesignName>projekt1</ownerDesignName>
<importedID>3231CA3D-9849-1FB8-EE7D-2335D5390FA4</importedID>
<engineerTo>
<item key="7E527487-9E8F-AC51-3460-A08A8F645484" value="true"/>
</engineerTo>
<referedAttribute>09D906D4-EAE2-84F8-9CCC-157A46E8F7EF</referedAttribute>
<useDomainConstraints>false</useDomainConstraints>
<use>1</use>
<logicalDatatype>LOGDT011</logicalDatatype>
<ownDataTypeParameters>,,</ownDataTypeParameters>
</Attribute>
<Attribute name="ID_Klienta" id="AA10990A-6DFC-896E-8CA2-F73C79AEEB56">
<createdBy>Admin</createdBy>
<createdTime>2023-12-20 19:57:11 UTC</createdTime>
<generatorID>9B31A5A4-68F7-85F0-CA20-C691503D0556</generatorID>
<ownerDesignName>projekt1</ownerDesignName>
<importedID>173D5444-4B16-DC36-65A8-64186C10B3AD</importedID>
<engineerTo>
<item key="7E527487-9E8F-AC51-3460-A08A8F645484" value="true"/>
</engineerTo>
<referedAttribute>E06FBE6C-E005-4A70-2AAD-0856CCBB37AF</referedAttribute>
<useDomainConstraints>false</useDomainConstraints>
<use>1</use>
<logicalDatatype>LOGDT011</logicalDatatype>
<ownDataTypeParameters>,,</ownDataTypeParameters>
</Attribute>
</attributes>
<identifiers itemClass="oracle.dbtools.crest.model.design.logical.CandidateKey">
<identifier id="9B515632-49A8-9E0A-D889-E6274B9F5B8B" name="Zamówienia PK">
<createdBy>Admin</createdBy>
<createdTime>2023-12-20 19:57:11 UTC</createdTime>
<ownerDesignName>projekt1</ownerDesignName>
<engineerTo>
<item key="7E527487-9E8F-AC51-3460-A08A8F645484" value="true"/>
</engineerTo>
<pk>true</pk>
<usedAttributes>
<attributeRef>8AF0EA2E-DB2C-B335-54EE-BB68AC4C49CC</attributeRef>
</usedAttributes>
</identifier>
</identifiers>
</Entity>