<?xml version = '1.0' encoding = 'UTF-8'?>
<Entity class="oracle.dbtools.crest.model.design.logical.Entity" directorySegmentName="seg_0" id="D21B6A7B-232A-7069-FE7D-A1CB1D0934A6" name="Rezerwacja">
<createdBy>Admin</createdBy>
<createdTime>2023-12-20 19:57:11 UTC</createdTime>
<ownerDesignName>projekt1</ownerDesignName>
<engineerTo>
<item key="7E527487-9E8F-AC51-3460-A08A8F645484" value="true"/>
</engineerTo>
<adequatelyNormalized>NO</adequatelyNormalized>
<expectedVolumes>0</expectedVolumes>
<fwdEngineeringStrategyName>Single Table</fwdEngineeringStrategyName>
<growthPercent>0</growthPercent>
<growthType>Year</growthType>
<maxVolumes>9999999</maxVolumes>
<minVolumes>0</minVolumes>
<normalForm>Third</normalForm>
<attributes itemClass="oracle.dbtools.crest.model.design.logical.Attribute">
<Attribute name="Nr_rezerwacji" id="81CB53C7-AF23-8ADA-56AC-26417FE0A35D">
<createdBy>Admin</createdBy>
<createdTime>2023-12-20 19:57:11 UTC</createdTime>
<ownerDesignName>projekt1</ownerDesignName>
<importedID>8F59887E-5E40-CB48-4F3F-F6463492F3DC</importedID>
<engineerTo>
<item key="7E527487-9E8F-AC51-3460-A08A8F645484" value="true"/>
</engineerTo>
<nullsAllowed>true</nullsAllowed>
<useDomainConstraints>false</useDomainConstraints>
<use>1</use>
<logicalDatatype>LOGDT011</logicalDatatype>
<ownDataTypeParameters>,,</ownDataTypeParameters>
</Attribute>
<Attribute name="Data_rezerwacji" id="F8AE70AA-B726-0585-3A4D-571EBC393015">
<createdBy>Admin</createdBy>
<createdTime>2023-12-20 19:57:11 UTC</createdTime>
<ownerDesignName>projekt1</ownerDesignName>
<importedID>A2C3BEB0-1650-4DFC-4BA8-44C382C647E8</importedID>
<engineerTo>
<item key="7E527487-9E8F-AC51-3460-A08A8F645484" value="true"/>
</engineerTo>
<nullsAllowed>true</nullsAllowed>
<useDomainConstraints>false</useDomainConstraints>
<use>1</use>
<logicalDatatype>LOGDT007</logicalDatatype>
<ownDataTypeParameters>,,</ownDataTypeParameters>
</Attribute>
<Attribute name="ID_Klienta" id="01F961F9-3719-D059-4CDF-949E8D59A805">
<createdBy>Admin</createdBy>
<createdTime>2023-12-20 19:59:34 UTC</createdTime>
<generatorID>F47B993C-7818-3E04-0FF0-4D9AF8559B49</generatorID>
<ownerDesignName>projekt1</ownerDesignName>
<engineerTo>
<item key="7E527487-9E8F-AC51-3460-A08A8F645484" value="true"/>
</engineerTo>
<referedAttribute>E06FBE6C-E005-4A70-2AAD-0856CCBB37AF</referedAttribute>
<useDomainConstraints>false</useDomainConstraints>
<use>1</use>
<logicalDatatype>LOGDT011</logicalDatatype>
<ownDataTypeParameters>,,</ownDataTypeParameters>
</Attribute>
<Attribute name="ID_Grupy" id="332DAB3F-AAD7-B1ED-9F1D-D404AA58B745">
<createdBy>Admin</createdBy>
<createdTime>2023-12-20 19:59:51 UTC</createdTime>
<generatorID>462CDC82-A7CD-5E9A-B155-402161C07090</generatorID>
<ownerDesignName>projekt1</ownerDesignName>
<engineerTo>
<item key="7E527487-9E8F-AC51-3460-A08A8F645484" value="true"/>
</engineerTo>
<referedAttribute>3CEC2F85-7984-3A8C-D21A-80D1F49C5D36</referedAttribute>
<useDomainConstraints>false</useDomainConstraints>
<use>1</use>
<logicalDatatype>LOGDT011</logicalDatatype>
<ownDataTypeParameters>,,</ownDataTypeParameters>
</Attribute>
</attributes>
<identifiers itemClass="oracle.dbtools.crest.model.design.logical.CandidateKey">
<identifier id="CE54B4A1-9102-B7DA-BFD2-29B0CD9782E0" name="Rezerwacja PK">
<createdBy>Admin</createdBy>
<createdTime>2023-12-20 19:59:34 UTC</createdTime>
<ownerDesignName>projekt1</ownerDesignName>
<engineerTo>
<item key="7E527487-9E8F-AC51-3460-A08A8F645484" value="true"/>
</engineerTo>
<pk>true</pk>
<usedAttributes>
<attributeRef>01F961F9-3719-D059-4CDF-949E8D59A805</attributeRef>
<attributeRef>332DAB3F-AAD7-B1ED-9F1D-D404AA58B745</attributeRef>
</usedAttributes>
</identifier>
</identifiers>
</Entity>