<?xml version = '1.0' encoding = 'UTF-8'?>
<Entity class="oracle.dbtools.crest.model.design.logical.Entity" directorySegmentName="seg_0" id="F0BF763B-B519-CE98-3963-CFC10BBCBB84" name="Grupa_zajęciowa">
<createdBy>Admin</createdBy>
<createdTime>2023-12-20 19:57:11 UTC</createdTime>
<ownerDesignName>projekt1</ownerDesignName>
<engineerTo>
<item key="7E527487-9E8F-AC51-3460-A08A8F645484" value="true"/>
</engineerTo>
<adequatelyNormalized>NO</adequatelyNormalized>
<expectedVolumes>0</expectedVolumes>
<fwdEngineeringStrategyName>Single Table</fwdEngineeringStrategyName>
<growthPercent>0</growthPercent>
<growthType>Year</growthType>
<maxVolumes>9999999</maxVolumes>
<minVolumes>0</minVolumes>
<normalForm>Third</normalForm>
<attributes itemClass="oracle.dbtools.crest.model.design.logical.Attribute">
<Attribute name="ID_Grupy" id="3CEC2F85-7984-3A8C-D21A-80D1F49C5D36">
<createdBy>Admin</createdBy>
<createdTime>2023-12-20 19:57:11 UTC</createdTime>
<ownerDesignName>projekt1</ownerDesignName>
<importedID>C84B2079-96DA-C86C-32F2-E84B607332B5</importedID>
<engineerTo>
<item key="7E527487-9E8F-AC51-3460-A08A8F645484" value="true"/>
</engineerTo>
<useDomainConstraints>false</useDomainConstraints>
<use>1</use>
<logicalDatatype>LOGDT011</logicalDatatype>
<ownDataTypeParameters>,,</ownDataTypeParameters>
</Attribute>
<Attribute name="Data" id="E1524EE3-CD5D-187C-5BDA-AECCC4599BC4">
<createdBy>Admin</createdBy>
<createdTime>2023-12-20 19:57:11 UTC</createdTime>
<ownerDesignName>projekt1</ownerDesignName>
<importedID>3710CE15-518C-1B9F-D5A7-4BA2AC45D24A</importedID>
<engineerTo>
<item key="7E527487-9E8F-AC51-3460-A08A8F645484" value="true"/>
</engineerTo>
<nullsAllowed>true</nullsAllowed>
<useDomainConstraints>false</useDomainConstraints>
<use>1</use>
<logicalDatatype>LOGDT007</logicalDatatype>
<ownDataTypeParameters>,,</ownDataTypeParameters>
</Attribute>
<Attribute name="Godzina_rozpoczęcia" id="7DC88697-EDCC-C37B-2DFE-340644F9CA63">
<createdBy>Admin</createdBy>
<createdTime>2023-12-20 19:57:11 UTC</createdTime>
<ownerDesignName>projekt1</ownerDesignName>
<importedID>DE6B4E95-E3DC-D7E7-BE06-48CE13EA259B</importedID>
<engineerTo>
<item key="7E527487-9E8F-AC51-3460-A08A8F645484" value="true"/>
</engineerTo>
<nullsAllowed>true</nullsAllowed>
<useDomainConstraints>false</useDomainConstraints>
<use>1</use>
<logicalDatatype>LOGDT014</logicalDatatype>
<ownDataTypeParameters>,,</ownDataTypeParameters>
</Attribute>
<Attribute name="Czas_trwania_w_minutach" id="6B530065-6EB1-0D77-0704-E4C8B8CC70AF">
<createdBy>Admin</createdBy>
<createdTime>2023-12-20 19:57:11 UTC</createdTime>
<ownerDesignName>projekt1</ownerDesignName>
<importedID>38C18D53-834B-D3EA-FC3D-84D8FE59C973</importedID>
<engineerTo>
<item key="7E527487-9E8F-AC51-3460-A08A8F645484" value="true"/>
</engineerTo>
<nullsAllowed>true</nullsAllowed>
<useDomainConstraints>false</useDomainConstraints>
<use>1</use>
<logicalDatatype>LOGDT011</logicalDatatype>
<ownDataTypeParameters>,,</ownDataTypeParameters>
</Attribute>
<Attribute name="Liczba_miejsc" id="1FEE16E6-4F13-7A3C-C99C-E287E4CE97C4">
<createdBy>Admin</createdBy>
<createdTime>2023-12-20 19:57:11 UTC</createdTime>
<ownerDesignName>projekt1</ownerDesignName>
<importedID>5D0680CC-BA2D-EB3B-7054-D5741589CC0A</importedID>
<engineerTo>
<item key="7E527487-9E8F-AC51-3460-A08A8F645484" value="true"/>
</engineerTo>
<nullsAllowed>true</nullsAllowed>
<useDomainConstraints>false</useDomainConstraints>
<use>1</use>
<logicalDatatype>LOGDT011</logicalDatatype>
<ownDataTypeParameters>,,</ownDataTypeParameters>
</Attribute>
<Attribute name="Poziom_zaawansowania" id="8169D2E5-5DEF-1193-BC20-CE9A15465530">
<createdBy>Admin</createdBy>
<createdTime>2023-12-20 19:57:11 UTC</createdTime>
<ownerDesignName>projekt1</ownerDesignName>
<importedID>D106AD07-8BBD-FD8E-E384-A8989122F73F</importedID>
<engineerTo>
<item key="7E527487-9E8F-AC51-3460-A08A8F645484" value="true"/>
</engineerTo>
<nullsAllowed>true</nullsAllowed>
<useDomainConstraints>false</useDomainConstraints>
<use>1</use>
<logicalDatatype>LOGDT024</logicalDatatype>
<dataTypeSize>30 CHAR</dataTypeSize>
<ownDataTypeParameters>30 CHAR,,</ownDataTypeParameters>
</Attribute>
<Attribute name="ID_Instruktora" id="37831282-7224-DC4B-88CE-72DC9DA28090">
<createdBy>Admin</createdBy>
<createdTime>2023-12-20 19:57:11 UTC</createdTime>
<generatorID>08E464AE-6E5F-D297-E719-7B6D8C48689B</generatorID>
<ownerDesignName>projekt1</ownerDesignName>
<importedID>7802C9EA-7599-983C-FD70-BA5DC57A4B8F</importedID>
<engineerTo>
<item key="7E527487-9E8F-AC51-3460-A08A8F645484" value="true"/>
</engineerTo>
<referedAttribute>C3FEC0F2-6FAB-1F9B-14F9-314F069DD3E4</referedAttribute>
<useDomainConstraints>false</useDomainConstraints>
<use>1</use>
<logicalDatatype>LOGDT011</logicalDatatype>
<ownDataTypeParameters>,,</ownDataTypeParameters>
</Attribute>
<Attribute name="ID_Zajęć" id="7F04556D-1802-58B1-1354-5D72412E7137">
<createdBy>Admin</createdBy>
<createdTime>2023-12-20 19:57:11 UTC</createdTime>
<generatorID>690F4F90-A33C-E598-DF88-9CF24B1ED38D</generatorID>
<ownerDesignName>projekt1</ownerDesignName>
<importedID>A4361056-D1A6-AEC9-C438-9484A56223C4</importedID>
<engineerTo>
<item key="7E527487-9E8F-AC51-3460-A08A8F645484" value="true"/>
</engineerTo>
<referedAttribute>4C0D9DE5-1E28-034D-6B40-C3DF72FA6025</referedAttribute>
<useDomainConstraints>false</useDomainConstraints>
<use>1</use>
<logicalDatatype>LOGDT011</logicalDatatype>
<ownDataTypeParameters>,,</ownDataTypeParameters>
</Attribute>
<Attribute name="ID_Sali" id="DF1C8B69-1949-5BC4-6BB4-498FF8AFF972">
<createdBy>Admin</createdBy>
<createdTime>2023-12-20 20:21:03 UTC</createdTime>
<generatorID>CEF1502C-A758-1F1F-7223-422C00197F75</generatorID>
<ownerDesignName>projekt1</ownerDesignName>
<engineerTo>
<item key="7E527487-9E8F-AC51-3460-A08A8F645484" value="true"/>
</engineerTo>
<referedAttribute>F03F12C3-94CB-B801-1305-E15CA3E95588</referedAttribute>
<useDomainConstraints>false</useDomainConstraints>
<use>1</use>
<logicalDatatype>LOGDT011</logicalDatatype>
<ownDataTypeParameters>,,</ownDataTypeParameters>
</Attribute>
</attributes>
<identifiers itemClass="oracle.dbtools.crest.model.design.logical.CandidateKey">
<identifier id="A2AEF7E7-47E0-1635-C942-700D4443EB97" name="Grupa_zajęciowa PK">
<createdBy>Admin</createdBy>
<createdTime>2023-12-20 19:57:11 UTC</createdTime>
<ownerDesignName>projekt1</ownerDesignName>
<shouldEngineer>false</shouldEngineer>
<engineerTo>
<item key="7E527487-9E8F-AC51-3460-A08A8F645484" value="false"/>
</engineerTo>
<pk>true</pk>
<usedAttributes>
<attributeRef>3CEC2F85-7984-3A8C-D21A-80D1F49C5D36</attributeRef>
</usedAttributes>
</identifier>
</identifiers>
</Entity>